InstitutionCode	family	count(*)
NMSU	NULL	12611
TAMU	Acanaloniidae	181
CLEV	Acanthopidae	1
TAMU	Acanthosomatidae	5
USNM	Acartiidae	7
TAMU	Achilidae	170
CSCA	Aclerdidae	4
NMSU	Acrididae	1839
DMNS	Acroceridae	1
USNM	Acrolophidae	12
OSU	Aderidae	112
USNM	Aegidae	35
UAM	Aeolothripidae	18
KU	Aeshnidae	297
TAMU	Aetalionidae	34
USNM	Aethridae	6
USNM	Aetideidae	30
KU	Agaonidae	11
DMNS	Agelenidae	54
USNM	Agostocarididae	6
USNM	Agromyzidae	6
USNM	Albuneidae	42
CSCA	Aleyrodidae	372
UNM	Alleculidae	18
FMNH	Allopocockiidae	2
MCZ	Alpheidae	332
NCSU	Alydidae	615
USNM	Amaterasidae	4
MCZ	Amaurobiidae	11
USNM	Ammotheidae	29
DMNS	Ammotrechidae	9
NMSU	Ammoxenidae	1
CLEV	Amorphoscelidae	2
USNM	Ampeliscidae	10
USNM	Amphilochidae	2
USNM	Amphipterygidae	2
USNM	Ampithoidae	33
OSU	Ampulicidae	10
FMNH	Anapidae	30
USNM	Ancinidae	2
NAUF	Andrenidae	9471
FMNH	Andrognathidae	2
MCZ	Anguillidae	1
FMNH	Anisolabididae	1
USNM	Anisopodidae	1
OMNH	Annulariidae	1
ASU	Anobiidae	51
TTU	Anostostomatidae	2
MCZ	Antennariidae	3
TTU	Anthicidae	1442
UHIM	Anthocoridae	20
OSU	Anthomyiidae	24
UNM	Anthophoridae	400
TTU	Anthribidae	87
USNM	Anthuridae	18
FMNH	Antrodiaetidae	4
USNM	Anuropidae	3
DMNS	Anyphaenidae	97
USNM	Aoridae	12
FMNH	Apatelodidae	9
CSCA	Aphalaridae	18
FMNH	Aphelidesmidae	54
TAMU	Aphelinidae	436
NMSU	Aphididae	818
UHIM	Aphidiinae	5
UA	Aphodiidae	2
iNaturalist	Aphrophoridae	61
ASU	Apidae	31942
TTU	Apioceridae	97
NAUF	Apionidae	23
USNM	Apseudidae	2
ASU	Aradidae	121
NMSU	Araneidae	2505
USNM	Archaeobalanidae	4
MCZ	Archaeocrypticidae	1
KU	Archeocrypticidae	529
UNM	Arctiidae	402
USNM	Arcturidae	2
BYU	Argasidae	3
OSU	Argidae	249
MCZ	Argulidae	4
USNM	Aristeidae	23
USNM	Armadillidae	9
iNaturalist	Armadillidiidae	43
USNM	Artemiidae	2
NMSU	Ascalaphidae	16
TTU	Ascarididae	3
USNM	Ascidicolidae	1
USNM	Asellidae	13
NMSU	Asilidae	517
CSCA	Asterolecaniidae	8
USNM	Atelecyclidae	5
MCZ	Atemnidae	2
MCZ	Atopetholidae	14
NAUF	Attelabidae	19
iNaturalist	Attevidae	17
MCZ	Atyidae	38
MCZ	Atypidae	1
USNM	Augaptilidae	7
OSU	Aulacidae	11
USNM	Aulacigastridae	1
USNM	Autostichidae	1
MCZ	Axiidae	10
USNM	Bacillidae	1
PU	Baetidae	55
USNM	Bairdiidae	5
iNaturalist	Balanidae	89
USNM	Ballophilidae	1
USNM	Barbouriidae	2
FMNH	Barychelidae	3
USNM	Bateidae	9
USNM	Bathypalaemonellidae	2
USNM	Bathysquillidae	1
USNM	Batrachedridae	4
ASU	Belidae	1
NMSU	Belostomatidae	1155
USNM	Benthesicymidae	19
USNM	Bentheuphausiidae	1
NMSU	Berytidae	349
OSU	Bethylidae	102
MCZ	Biantidae	25
OSU	Bibionidae	35
KU	Biphyllidae	28
KU	Bittacidae	5
TAMU	Blaberidae	30
USNM	Blastobasidae	2
NMSU	Blattellidae	5
ASU	Blattidae	120
USNM	Blepharipodidae	2
TAMU	Blissidae	328
USNM	Bodotriidae	2
USNM	Bogidiellidae	2
FMNH	Bombycidae	36
OSU	Bombyliidae	258
USNM	Bomolochidae	19
USNM	Bopyridae	40
UNM	Bostrichidae	52
KU	Bothrideridae	1
INHS	Bourletiellidae	4
EMEC	Brachycentridae	2
USNM	Brachycytheridae	4
USNM	Brachyscelidae	7
INHS	Brachystomellidae	2
UKY-HIC	Braconidae	1393
MSU	Bradynobaenidae	13
USNM	Branchinectidae	17
ASU	Brentidae	865
TTU	Bruchidae	342
OMNH	Buccinidae	3
USNM	Bucculatricidae	1
OMNH	Bulimulidae	1
NMSU	Buprestidae	611
NMSU	Buthidae	226
USNM	Bythocytheridae	2
USNM	Bythograeidae	4
KU	Calamoceratidae	17
USNM	Calanidae	19
MCZ	Calappidae	19
USNM	Caligidae	91
TAMU	Caliscelidae	5
MCZ	Callianassidae	43
USNM	Callianideidae	12
USNM	Callipallenidae	10
NMSU	Calliphoridae	39
KU	Callirhipidae	9
USNM	Calocarididae	1
EMEC	Calophyidae	18
NMSU	Calopterygidae	866
OMNH	Calyptraeidae	1
USNM	Cambalidae	4
MCZ	Cambaridae	451
FMNH	Campodeidae	1
USNM	Canacidae	1
MCZ	Cancridae	2
USNM	Candaciidae	1
USNM	Candonidae	2
MCZ	Canestriniidae	1
OSU	Cantharidae	303
USNM	Canthocamptidae	10
MCZ	Caponiidae	15
USNM	Caprellidae	2
NAUF	Carabidae	67277
iNaturalist	Caraboctonidae	9
OMNH	Cardiidae	5
OMNH	Carditidae	1
OMNH	Cassidae	2
FMNH	Castniidae	6
USNM	Cecidomyiidae	1
USNM	Centropagidae	4
NMSU	Cerambycidae	1054
OSU	Ceraphronidae	221
FMNH	Ceratocombidae	52
MSU	Ceratophyllida	1
MSU	Ceratophyllidae	16
KU	Ceratopogonidae	146
OSU	Cercopidae	1692
CSCA	Cerococcidae	5
OSU	Cerylonidae	407
TTU	Cetoniidae	2
DMNS	Chactidae	24
NMSU	Chalcididae	109
USNM	Chalcidoidea	5
TTU	Chaodoridae	1
USNM	Chasmocarcinidae	1
MCZ	Cheliferidae	8
FMNH	Chelodesmidae	19
KU	Chelonariidae	13
MCZ	Chelonibiidae	16
MCZ	Chernetidae	13
MCZ	Cheyletidae	6
USNM	Chilenophilidae	4
TTU	Chironomidae	23
USNM	Chirostylidae	5
iNaturalist	Chloropidae	3
USNM	Choreutidae	3
MSU	Chrysididae	237
NAUF	Chrysomelidae	3172
NMSU	Chrysopidae	110
USNM	Chthamalidae	16
MCZ	Chthoniidae	7
NMSU	Chyphotidae	1
NMSU	Cicadellidae	33400
NMSU	Cicadidae	1739
KU	Ciidae	138
UCB	Cimicidae	115
USNM	Circocyllibanidae	1
MCZ	Cirolanidae	181
TAMU	Cixiidae	1010
KU	Clambidae	69
TAMU	Clastopteridae	46
USNM	Clausidiidae	5
USNM	Clausiidae	1
USNM	Clausocalanidae	2
FMNH	Cleidogonidae	70
TTU	Cleridae	227
DMNS	Clubionidae	25
CSCA	Coccidae	75
OSU	Coccinellidae	868
TTU	Coenagrionidae	2540
MCZ	Coenobitidae	38
EMEC	Coleophoridae	17
OSU	Colletidae	2648
USNM	Colomastigidae	10
KU	Colydiidae	89
CSCA	Conchaspididae	2
OMNH	Conidae	28
USNM	Coniopterygidae	3
FMNH	Conopidae	16
MCZ	Conotylidae	1
EMEC	Copromorphidae	1
USNM	Corallanidae	38
iNaturalist	Cordulegastridae	15
NMSU	Coreidae	6217
AMNH	Corimelaenidae	28
DMNS	Corinnidae	246
NMSU	Corixidae	4622
USNM	Coronididae	1
USNM	Coronulidae	1
USNM	Corophiidae	35
USNM	Corycaeidae	5
NMSU	Corydalidae	133
FMNH	Corydiidae	14
UTC	Corylophidae	363
UNM	Cosmetidae	67
EMEC	Cosmopterigidae	2
YPM	Cossidae	42
ASU	Crabronidae	4891
MOD_DMNS	Crambidae	289
MCZ	Crangonidae	23
USNM	Cryptochiridae	1
FMNH	Cryptodesmidae	20
KU	Cryptophagidae	386
USNM	Cryptophialidae	1
UNM	Cryptopidae	14
NMSU	Ctenidae	45
GBIF	Ctenizidae	4
OSU	Cucujidae	21
UNM	Culicidae	105
ASU	Curculionidae	12427
TTU	Cuterebridae	1
UNM	Cybaeidae	1
USNM	Cybocephalidae	3
USNM	Cyclodorippidae	6
USNM	Cyclopidae	101
USNM	Cyclopinidae	1
NMSU	Cydnidae	1252
USNM	Cylindroleberididae	18
TAMU	Cymidae	15
MCZ	Cymopoliidae	2
USNM	Cymothoidae	74
OSU	Cynipidae	177
OMNH	Cypraeidae	1
USNM	Cyprididae	2
USNM	Cypridinidae	8
FMNH	Cyrtaucheniidae	5
MCZ	Cyrtodesmidae	2
USNM	Cystisomatidae	2
USNM	Cytherellidae	2
USNM	Cytheridae	1
USNM	Cytherideidae	8
USNM	Cytheromatidae	2
USNM	Cytheruridae	9
USNM	Cyzicidae	1
UMAM	Dactylopiidae	11
USNM	Dajidae	13
FMNH	Dalceridae	3
USNM	Daphniidae	1
USNM	Darcythompsoniidae	6
TTU	Dascillidae	39
USNM	Deeveyidae	5
iNaturalist	Deinopidae	11
UNM	Delphacidae	1494
iNaturalist	Demodicidae	1
USNM	Dendrogastridae	1
iNaturalist	Depressariidae	56
TAMU	Derbidae	358
TTU	Dermanyssidae	10
OSU	Dermestidae	95
TAMU	Diapheromeridae	60
OSU	Diapriidae	1304
USNM	Diaptomidae	53
UMAM	Diaspididae	355
USNM	Diastylidae	4
TTU	Dicrocoeliidae	2
DMNS	Dictynidae	81
TAMU	Dictyopharidae	160
NMSU	Diguetidae	15
MCZ	Diogenidae	165
FMNH	Dioptidae	3
UNM	Diplocentridae	34
UNM	Dipluridae	31
OSU	Diprionidae	10
FMNH	Dipsocoridae	4
USNM	Dirivultidae	90
MSU	Doidae	2
OSU	Dolichopodidae	441
MCZ	Dorippidae	1
iNaturalist	Dotillidae	1
EMEC	Douglasiidae	1
MCZ	Dromiidae	5
MCZ	Drosophilidae	58
OSU	Dryinidae	10
NAUF	Dryophthoridae	92
TTU	Dryopidae	1152
IBUNAM	Dysderidae	14
NAUF	Dytiscidae	1951
USNM	Ecbathyriontidae	1
TTU	Echinostomatidae	2
USNM	Ectinosomatidae	2
FMNH	Ectobiidae	15
UNM	Elateridae	2474
MCZ	Eleotrididae	2
KU	Elmidae	2798
OSU	Empididae	21
OSU	Encyrtidae	2511
USNM	Endeidae	4
EMEC	Enderleinellidae	11
USNM	Endevouridae	1
OSU	Endomychidae	205
MCZ	Engraulididae	5
ANSP	Enicocephalidae	3
USNM	Entobiidae	3
USNM	Entocytheridae	7
MCZ	Entomobryidae	89
USNM	Epacteriscidae	2
MCZ	Ephippididae	1
UA	Ephydridae	10
KU	Epimetopidae	50
TAMU	Epipygidae	1
INHS	Episactidae	4
MOD_DMNS	Erebidae	1425
USNM	Erebonasteridae	5
NMSU	Eremobatidae	59
USNM	Ergasilidae	2
CSCA	Eriococcidae	1
UA	Erirhinidae	2
UTC	Erotylidae	204
MCZ	Erythraeidae	4
USNM	Ethusidae	2
USNM	Eucalanidae	9
USNM	Euchaetidae	24
OSU	Eucharitidae	9
KU	Eucinetidae	22
OSU	Eucnemidae	25
USNM	Eucoilidae	2
MCZ	Eucopiidae	1
iNaturalist	Euctenizidae	1
USNM	Eudactylinidae	4
USNM	Eugonatonotidae	1
MCZ	Eukoeneniidae	2
TAMU	Eulophidae	3597
UA	Eumastacidae	1
USNM	Eumenidae	1
MSU	Eupelmidae	4
MCZ	Euphausiidae	80
USNM	Eupterotidae	1
USNM	Eurycopidae	2
USNM	Euryphoridae	12
USNM	Eurysquillidae	8
OSU	Eurytomidae	40
FMNH	Euscorpiidae	2
UNM	Euteliidae	1
iNaturalist	Eutichuridae	1
OSU	Evaniidae	10
OMNH	Fasciolariidae	2
OSU	Figitidae	33
DMNS	Filistatidae	91
OMNH	Fissurellidae	1
TAMU	Flatidae	250
OSU	Forficulidae	178
ASU	Formicidae	34522
FMNH	Fuhrmannodesmidae	4
TAMU	Fulgoridae	89
MCZ	Galatheidae	4
MCZ	Galumnidae	4
MCZ	Garypidae	6
MCZ	Gecarcinidae	44
NMSU	Gelastocoridae	210
MOD_DMNS	Gelechiidae	31
TAMU	Geocoridae	96
UNM	Geometridae	855
FMNH	Geophilidae	14
UNM	Geophilomorpha	1
TAMU	Geotrupidae	100
NMSU	Gerridae	1151
TAMU	Glaresidae	7
FMNH	Glomeridae	10
FMNH	Glomeridesmidae	9
KU	Glossosomatidae	160
USNM	Glyphipterigidae	1
MCZ	Glyphocrangonidae	7
NMSU	Gnaphosidae	195
USNM	Gnathiidae	7
USNM	Gnathophyllidae	11
MCZ	Gobiesocidae	1
TTU	Gomphidae	400
USNM	Goneplacidae	4
MCZ	Gonodactylidae	116
MCZ	Gosibiidae	36
iNaturalist	Gracillariidae	2
MCZ	Grapsidae	43
TTU	Gryllacrididae	1
NMSU	Gryllidae	166
TAMU	Gryllotalpidae	12
NAUF	Gyrinidae	549
TTU	Gyropidae	1
USNM	Hadziidae	2
FMNH	Hahniidae	69
NMSU	Halictidae	15775
OMNH	Haliotididae	2
NMSU	Haliplidae	62
USNM	Halocyprididae	10
USNM	Harpacticidae	1
USNM	Hatschekiidae	1
AMNH	Hebridae	16
YPM	Hedylidae	3
UNM	Heleomyzidae	4
INHS	Helicophidae	6
KU	Helicopsychidae	192
MOD_DMNS	Heliodinidae	45
NMSU	Helophoridae	40
OSU	Hemerobiidae	6
USNM	Hemerophilidae	1
USNM	Hemicytheridae	4
USNM	Hemisquillidae	2
FMNH	Henicopidae	3
ASU	Hepialidae	13
PU	Heptageniidae	1
USNM	Heptapsogasteridae	25
DMNS	Hersiliidae	32
DMNS	Hesperiidae	5597
USNM	Heteralepadidae	1
BYU	Heteroceridae	452
UNM	Heteronemiidae	2
TTU	Heterorhabdidae	24
UAM	Heterothripidae	12
USNM	Hexapodidae	1
FMNH	Himantariidae	8
MCZ	Hippidae	26
MCZ	Hippoboscidae	4
MCZ	Hippolytidae	83
OMNH	Hipponicidae	1
NMSU	Histeridae	614
FMNH	Holistophallidae	7
USNM	Holognathidae	1
MCZ	Homalonychidae	28
USNM	Homolidae	5
USNM	Homolodromiidae	3
EMEC	Hoplopleuridae	3
MCZ	Hubbardiidae	4
USNM	Hyalellidae	11
TAMU	Hybosoridae	83
OSU	Hydraenidae	43
KU	Hydrobiosidae	218
KU	Hydrochidae	14
NMSU	Hydrometridae	70
NMSU	Hydrophilidae	2142
FMNH	Hydropsychidae	730
FMNH	Hydroptilidae	76
TTU	Hymenolepididae	7
USNM	Hyperiidae	6
INHS	Hypogastruridae	29
USNM	Hystrichopsyllidae	13
OSU	Ichneumonidae	503
MCZ	Ideoroncidae	7
USNM	Idoteidae	20
iNaturalist	Inachidae	1
MCZ	Inocelliidae	1
EMEC	Insertae sedis	7
USNM	Isaeidae	1
MSU	Ischnopsyllidae	6
USNM	Ischyroceridae	5
INHS	Isotomidae	69
TAMU	Issidae	393
DMNS	Iuridae	19
MCZ	Ixodidae	51
USNM	Janiridae	2
MCZ	Japygidae	12
USNM	Joeropsididae	2
MCZ	Julidae	1
UA	Kalotermitidae	71
KU	Kateretidae	3
CSCA	Kermesidae	2
USNM	Kerriidae	3
TAMU	Kinnaridae	30
iNaturalist	Labiduridae	10
UNM	Labiidae	5
MCZ	Laelaptidae	2
KU	Laemophloeidae	96
MCZ	Lagriidae	2
USNM	Laminosioptidae	1
USNM	Lamippidae	1
OSU	Lampyridae	244
USNM	Lanceolidae	8
UTC	Languriidae	64
USNM	Laomediidae	5
NMSU	Largidae	275
YPM	Lasiocampidae	38
AMNH	Lasiochilidae	1
KU	Latridiidae	135
UNM	Lauxaniidae	5
CSCA	Lecanodiaspididae	2
USNM	Leguminocythereididae	1
TTU	Leiodidae	1167
EMEC	Leoididae	1
iNaturalist	Lepadidae	16
USNM	Lepidomysidae	12
UMNH	Lepidoptera	2
KU	Lepidostomatidae	71
iNaturalist	Lepismatidae	8
USNM	Leptanthuridae	2
MCZ	Leptestheriidae	5
USNM	Lepthanthuridae	1
FMNH	Leptoceridae	325
USNM	Leptocheliidae	4
PU	Leptohyphidae	7
MCZ	Leptonetidae	4
PU	Leptophlebiidae	20
USNM	Lernaeopodidae	4
USNM	Lernanthropidae	13
YPM	Lestidae	309
USNM	Lestrigonidae	5
MCZ	Leucosiidae	18
KU	Leucospidae	6
USNM	Leucothoidae	2
TTU	Libellulidae	3522
UMNH	Libytheidae	2
USNM	Lichomolgidae	3
MCZ	Ligiidae	24
USNM	Liljeborgiidae	6
FMNH	Limacodidae	21
USNM	Limnadiidae	9
INHS	Limnephilidae	23
KU	Limnichidae	95
USNM	Limnoriidae	3
USNM	Limoniidae	189
iNaturalist	Limulidae	20
MCZ	Linotaeniidae	1
DMNS	Linyphiidae	356
FMNH	Liocranidae	11
UNM	Lithobiidae	35
UNM	Lithobiomorpha	1
MCZ	Lithodidae	10
iNaturalist	Liturgusidae	1
EMEC	Liviidae	9
USNM	Lonchaeidae	1
USNM	Longipediidae	5
USNM	Lophogastridae	10
UHIM	Loreidae	1
OMNH	Lottiidae	2
USNM	Loxoconchidae	1
USNM	Lubbockiidae	4
TAMU	Lucanidae	2
USNM	Lucicutiidae	2
USNM	Luciferidae	1
MCZ	Lutjanidae	1
OMNH	Lutrochidae	52
USNM	Lycaeidae	6
NMSU	Lycaenidae	1469
NMSU	Lycidae	135
NMSU	Lycosidae	234
MCZ	Lyctidae	1
NMSU	Lygaeidae	3624
FMNH	Lymantriidae	4
TTU	Lymexylonidae	1
USNM	Lynceidae	8
NULL	Lyonetiidae	34
USNM	Lysianassidae	15
MCZ	Lysiosquillidae	10
MCZ	Macrochelidae	2
USNM	Macrochironidae	1
USNM	Macrocyprididae	3
USNM	Macromiidae	2
OMNH	Mactridae	1
USNM	Maeridae	10
MCZ	Majidae	140
UNM	Mantidae	103
OSU	Mantispidae	115
CLEV	Mantoididae	9
CSCA	Margarodidae	11
MCZ	Mecistocephalidae	1
ASU	Megachilidae	5157
MSU	Megagopygidae	1
KU	Megalopodidae	3
FMNH	Megalopygidae	17
EMEC	Megapodagrionidae	238
OSU	Megaspilidae	1
OSU	Melandryidae	160
USNM	Melitidae	50
KU	Melittidae	443
TTU	Mellitidae	2
NMSU	Meloidae	1731
TTU	Melolonthidae	1
OMNH	Melongenidae	3
NMSU	Melyridae	97
NMSU	Membracidae	4722
NMSU	Menippidae	3
FMNH	Menoponidae	21
MCZ	Menthidae	4
AMNH	Mesoveliidae	12
FMNH	Messicobolidae	10
USNM	Metidae	1
USNM	Metridinidae	16
USNM	Microcerberidae	1
USNM	Microdispidae	1
KU	Micronectidae	2246
FMNH	Micropezidae	4
USNM	Microphasmidae	1
EMEC	Milichiidae	1
USNM	Mimallonidae	9
DMNS	Mimetidae	44
USNM	Miraciidae	1
NMSU	Miridae	60273
UHIM	Miridea	1
OMNH	Mitridae	3
UNM	Miturgidae	25
MCZ	Mobulidae	1
TAMU	Mogoplistidae	15
OSU	Monomachidae	1
MCZ	Monommidae	1
CSCA	Monophlebidae	11
OSU	Monotomidae	31
USNM	Monstrillidae	22
TTU	Mordellidae	999
USNM	Mormonillidae	3
MCZ	Mugilidae	2
MCZ	Munididae	15
USNM	Munidopsidae	48
USNM	Munnidae	2
USNM	Munnopsidae	81
OMNH	Muricidae	16
INHS	Musapsocidae	1
iNaturalist	Muscidae	9
NMSU	Mutillidae	749
KU	Mycetophagidae	26
OSU	Mycetophilidae	13
OSU	Mycteridae	1
OSU	Mydidae	107
USNM	Myicolidae	1
OSU	Mymaridae	160
UNM	Myrmeleontidae	24
MCZ	Mysidae	66
FMNH	Mysmenidae	28
UHIM	Nabidae	50
USNM	Nannastacidae	7
USNM	Nannosquillidae	11
TTU	Naticidae	3
NMSU	Naucoridae	1697
INHS	Neanuridae	30
USNM	Nebaliidae	6
INHS	Neelidae	3
FMNH	Nemastomatidae	17
USNM	Nematocarcinidae	14
USNM	Nemestrinidae	1
INHS	Nemouridae	5
MCZ	Neobisiidae	9
USNM	Neomegamphopidae	3
MCZ	Neophyllobiidae	10
iNaturalist	Nephilidae	65
MCZ	Nephropidae	29
NMSU	Nepidae	743
iNaturalist	Neriidae	3
OMNH	Neritidae	2
UNM	Nesticidae	5
EMEC	Nicoletiidae	1
TAMU	Ninidae	114
BYU	Nitidulidae	1944
NMSU	Noctuidae	1062
TAMU	Nogodinidae	103
MSU	Nolidae	63
KU	Nosodendridae	1
OSU	Noteridae	96
USNM	Notodelphyidae	4
ASU	Notodontidae	168
NMSU	Notonectidae	7932
FMNH	Nycteribiidae	21
ASU	Nymphalidae	9957
USNM	Nymphonidae	5
TAMU	Ochodaeidae	33
KU	Ochteridae	48
NMSU	Ocypodidae	92
INHS	Odontellidae	4
INHS	Odontoceridae	17
USNM	Odontodactylidae	3
NMSU	Oecanthidae	8
UNM	Oecobiidae	10
MSU	Oecophoridae	12
OSU	Oedemeridae	201
USNM	Oedicerotidae	6
USNM	OedicerotidaeÂ 	1
iNaturalist	Oestridae	2
USNM	Ogyrididae	4
USNM	Oithonidae	1
INHS	Oligoneuriidae	1
iNaturalist	Oligotomidae	1
OMNH	Olividae	5
MCZ	Olpiidae	5
USNM	Oncaeidae	7
INHS	Oncopoduridae	7
USNM	Oniscidae	5
INHS	Onychiuridae	2
DMNS	Oonopidae	176
MCZ	Oplophoridae	9
USNM	Opostegidae	4
OSU	Ormyridae	1
CSCA	Ortheziidae	11
UMNH	Orthoptera	25
MCZ	Oryidae	4
TTU	Ostomatidae	7
MCZ	Ostomidae	1
MCZ	Otitidae	3
TAMU	Oxaeidae	17
TAMU	Oxycarenidae	41
USNM	Oxycephalidae	11
USNM	Oxynaspididae	1
NMSU	Oxyopidae	317
TAMU	Pachygronthidae	217
USNM	Pachymeridae	7
iNaturalist	Paguridae	136
MCZ	Palaemonidae	172
USNM	Palicidae	10
iNaturalist	Palinuridae	69
OSU	Pamphiliidae	2
MCZ	Pandalidae	19
USNM	Pandaridae	19
USNM	Panorpidae	4
KU	Panorpodidae	4
MSU	Pantheidae	1
NMSU	Papilionidae	2208
USNM	Paracalanidae	2
USNM	Paracytherideidae	1
UNM	Paradoxosomatidae	14
MCZ	Paraiulidae	8
UNM	Parajulidae	35
USNM	Paranthuridae	19
USNM	Parapaguridae	17
USNM	Paraphronimidae	5
USNM	Parapseudidae	2
USNM	Parascelidae	1
USNM	Parasquillidae	4
USNM	Parastacidae	1
USNM	Parastenocarididae	1
iNaturalist	Paratropididae	1
USNM	Pardaliscidae	2
USNM	Parkiidae	1
INHS	Paronellidae	20
MCZ	Parthenopidae	11
MCZ	Pasiphaeidae	3
UNM	Passalidae	232
OMNH	Patellidae	2
OMNH	Pectinidae	5
iNaturalist	Pediculidae	1
OSU	Pelecinidae	14
USNM	Peltidiidae	1
MCZ	Penaeidae	493
USNM	Pennellidae	9
NMSU	Pentatomidae	7810
OSU	Pergidae	103
OSU	Perilampidae	7
USNM	Periscelididae	3
KU	Perlidae	51
INHS	Perlodidae	1
USNM	Phaennidae	4
KU	Phalacridae	58
MCZ	Phalangiidae	21
MCZ	Phalangodidae	2
UMNH	Phasmatidae	3
OSU	Phengodidae	69
USNM	Philichthyidae	17
UNM	Philodromidae	23
USNM	Philomedidae	1
FMNH	Philopotamidae	471
FMNH	Philopteridae	203
USNM	Philosciidae	5
NMSU	Phlaeothripidae	758
USNM	Phliantidae	6
USNM	Phoenicococcidae	1
DMNS	Pholcidae	473
LACM	Phoridae	1231
USNM	Photidae	24
USNM	Phoxichilidiidae	12
USNM	Phoxocephalidae	10
USNM	Phronimidae	45
USNM	Phrosinidae	13
FMNH	Phrurolithidae	125
DMNS	Phrynidae	43
USNM	Phyllopodidae	1
USNM	Phymatidae	1
TTU	Physalopteridae	7
MCZ	Phytoseiidae	31
NMSU	Pieridae	2391
TAMU	Piesmatidae	241
USNM	Pilumnidae	7
USNM	Pilumnoididae	1
UHIM	Pinaceae	10
OMNH	Pinnidae	2
MCZ	Pinnotheridae	61
UNM	Pisauridae	46
TTU	Plagiorchiidae	1
USNM	Platyarthridae	1
FMNH	Platydesmidae	27
OSU	Platygastridae	6451
USNM	Platyischnopidae	1
USNM	Platylepadidae	1
FMNH	Platyrhacidae	14
USNM	Platyscelidae	9
EMEC	Platystictidae	255
USNM	Platystomatidae	1
DMNS	Plectreuridae	27
KU	Pleidae	71
NMSU	Pleocomidae	1
TTU	Pleotomus pallens	1
USNM	Pleustidae	1
iNaturalist	Plutellidae	1
USNM	Podoceridae	16
UA	Podoscirtidae	1
USNM	Poecilasmatidae	1
iNaturalist	Pollicipedidae	3
EMEC	Polycentropidae	1
KU	Polycentropodidae	160
USNM	Polychelidae	12
FMNH	Polydesmidae	5
MCZ	Polymitarcidae	1
INHS	Polymitarcyidae	2
TTU	Polymorphidae	1
UNM	Polyphagidae	53
EMEC	Polyplacidae	13
EMEC	Polythoridae	22
OSU	Pompilidae	555
USNM	Pontellidae	40
MCZ	Porcellanidae	95
UNM	Porcellionidae	163
USNM	Porocephalidae	4
MCZ	Portunidae	97
USNM	Potamidae	2
OMNH	Poteriidae	1
FMNH	Prisopodidae	1
USNM	Procarididae	5
USNM	Processidae	38
OSU	Proctotrupidae	197
MCZ	Prodidomidae	4
EMEC	Prodoxidae	1
USNM	Pronoidae	8
YPM	Protoneuridae	123
USNM	Psalidopodidae	8
MCZ	Pselaphidae	3
OMNH	Psephenidae	348
CSCA	Pseudococcidae	47
USNM	Pseudocyclopidae	2
USNM	Pseudocycnidae	20
USNM	Pseudodiaptomidae	9
FMNH	Pseudonannolenidae	1
FMNH	Pseudophasmatidae	2
USNM	Pseudorhombilidae	4
USNM	Pseudosquillidae	10
YPM	Pseudostigmatidae	77
MCZ	Pseudothelphusidae	86
TTU	Psilostomatidae	1
OSU	Psocidae	7
FMNH	Psychidae	8
iNaturalist	Psychodidae	20
INHS	Psychomyiidae	46
UCR	Psyllidae	65
INHS	Psyllipsocidae	3
OMNH	Pteriidae	1
USNM	Pterolonchidae	1
OSU	Pteromalidae	97
ASU	Pterophoridae	13
OSU	Ptiliidae	527
TTU	Ptilodactylidae	487
OSU	Ptinidae	17
USNM	Pulicidae	3
CSCA	Putoidae	10
USNM	Pycnogonidae	4
USNM	Pygidicranidae	2
USNM	Pylochelidae	1
UNM	Pyralidae	238
FMNH	Pyrgodesmidae	65
iNaturalist	Pyrgomorphidae	40
USNM	Pyrgotidae	1
EMEC	Pyrochroidae	1
iNaturalist	Pyrrhocoridae	984
MCZ	Raninidae	26
OSU	Raphidiidae	2
USNM	Rataniidae	1
NMSU	Reduviidae	8803
FMNH	Rhachodesmidae	76
UNM	Rhaphidophoridae	69
UNM	Rhinocricidae	46
UA	Rhinotermitidae	219
MCZ	Rhipiphoridae	1
ASU	Rhopalidae	2209
MSU	Rhopalopsyllidae	7
MSU	Rhopalosomatidae	1
INHS	Rhyacophilidae	20
NAUF	Rhynchitidae	3
OSU	Rhyparochromidae	1727
USNM	Rhyscotidae	1
OSU	Rhysodidae	264
MCZ	Richardiidae	1
USNM	Ricinidae	1
MCZ	Ricinoididae	31
USNM	Ridgewayiidae	1
UMNH	Riodinidae	804
TAMU	Ripiphoridae	30
UA	Ripipterygidae	3
NMSU	Romaleidae	336
USNM	Ropalomeridae	1
TTU	Rutelidae	14
USNM	Rutidermatidae	4
USNM	Ryocalanidae	3
UCR	Saldidae	371
KU	Salpingidae	46
NMSU	Salticidae	1789
MCZ	Samoidae	3
USNM	Santiidae	1
USNM	Sapphirinidae	5
USNM	Sarcophagidae	17
USNM	Sarsiellidae	4
NMSU	Saturniidae	716
USNM	Scalpellidae	5
NMSU	Scarabaeidae	34517
USNM	Scatopsidae	1
MSU	Scelionidae	50
EMEC	Scenopinidae	2
MCZ	Schendylidae	10
USNM	Schizocytheridae	2
USNM	Schizopetalidae	2
FMNH	Schizopteridae	99
USNM	Sciaridae	1
USNM	Scinidae	4
OSU	Sciomyzidae	23
OSU	Scirtidae	8
USNM	Sclerogibbidae	1
UNM	Sclerosomatidae	127
USNM	Scolecitrichidae	11
OSU	Scoliidae	177
FMNH	Scollidae	16
UNM	Scolopendridae	97
MCZ	Scolopocryptopidae	30
CSU	Scolytidae	96
OSU	Scraptiidae	241
USNM	Scutacaridae	1
NMSU	Scutelleridae	765
FMNH	Scutigeridae	20
KU	Scydmaenidae	2845
MCZ	Scyllaridae	36
USNM	Scyphacidae	6
iNaturalist	Scythrididae	3
DMNS	Scytodidae	146
UNM	Segestriidae	16
DMNS	Selenopidae	60
MSU	Sematuridae	4
DMNS	Senoculidae	7
USNM	Sergestidae	4
EMEC	Sericostomatidae	2
USNM	Serolidae	4
iNaturalist	Sesiidae	4
UMNH	Sessiidae	1
DMNS	Sicariidae	36
MCZ	Sicyoniidae	186
MSU	Sierolomorphidae	1
OSU	Silphidae	283
KU	Silvanidae	121
KU	Simuliidae	69
FMNH	Siphoniulidae	2
FMNH	Siphonophoridae	23
INHS	Siricidae	1
INHS	Sisyridae	1
INHS	Sminthuridae	18
INHS	Sminthurididae	9
MCZ	Sogonidae	13
OMNH	Solenidae	2
USNM	Solenoceridae	59
USNM	Somatiidae	1
DMNS	Sparassidae	149
MCZ	Speleonectidae	2
FMNH	Sphaeriodesmidae	45
MCZ	Sphaeroceridae	46
USNM	Sphaeromatidae	79
NMSU	Sphecidae	538
KU	Sphindidae	3
ASU	Sphingidae	492
USNM	Spinocalanidae	18
FMNH	Spirobolellidae	3
FMNH	Spirobolidae	24
UNM	Spirostreptidae	72
TTU	Spiruridae	12
USNM	Spongicolidae	3
OSU	Spongiphoridae	2
MCZ	Squillidae	130
UNM	Staphylinidae	15689
FMNH	Stemmiulidae	17
USNM	Stenasellidae	15
USNM	Stenetriidae	1
TAMU	Stenopelmatidae	25
iNaturalist	Stenopodidae	8
USNM	Stenothoidae	1
MSU	Stephanidae	2
USNM	Stephidae	1
MCZ	Sternophoridae	5
USNM	Strahlaxiidae	3
MOD_KSU	Stratiomyidae	129
FMNH	Streblidae	908
USNM	Streptocephalidae	44
OMNH	Strombidae	6
iNaturalist	Stygiomysidae	8
FMNH	Stygnommatidae	2
FMNH	Stygnopsidae	53
USNM	Stylodactylidae	7
USNM	Stylopidae	2
MCZ	Superstitionidae	1
DMNS	Superstitioniidae	4
MCZ	Syarinidae	8
FMNH	Symphytognathidae	2
USNM	Synagogidae	1
USNM	Synaxidae	1
USNM	Synopiidae	9
OSU	Syrphidae	223
NMSU	Tabanidae	335
NMSU	Tachinidae	125
USNM	Taeniacanthidae	1
TTU	Taeniidae	7
MCZ	Talitridae	39
USNM	Tanaidae	1
USNM	Tanaostigmatidae	12
USNM	Tanystylidae	19
USNM	Tegastidae	7
KU	Telegeusidae	7
USNM	Telsidae	3
USNM	Temoridae	4
NAUF	Tenebrionidae	11055
IBUNAM	Tengellidae	7
OSU	Tenthredinidae	412
MCZ	Tenuipalpidae	54
OSU	Tephritidae	587
OMNH	Terebridae	2
NMSU	Termitidae	45
UA	Termopsidae	1
FMNH	Tetrablemmidae	38
MCZ	Tetraclitidae	22
DMNS	Tetragnathidae	262
EMEC	Tetranychidae	25
OSU	Tetrigidae	90
UNM	Tettigoniidae	278
USNM	Thalestridae	1
USNM	Thamnocephalidae	7
USNM	Tharybidae	12
USNM	Thaumatocyprididae	8
USNM	Thaumatopsyllidae	4
MCZ	Thelyphonidae	71
NMSU	Theraphosidae	250
OSU	Therevidae	20
DMNS	Theridiidae	773
FMNH	Theridiosomatidae	55
TAMU	Thespidae	8
USNM	Thiidae	1
DMNS	Thomisidae	135
UHIM	Thripidae	955
OSU	Throscidae	19
TAMU	Thyreocoridae	197
iNaturalist	Thyrididae	17
ASU	Tineidae	42
NMSU	Tingidae	89
ASU	Tiphiidae	315
iNaturalist	Tipulidae	43
DMNS	Titanoecidae	1
INHS	Tomoceridae	1
USNM	Tortanidae	1
MOD_DMNS	Tortricidae	293
OSU	Torymidae	19
TTU	Toxopheustidae	1
MCZ	Trachelidae	19
USNM	Trachyleberididae	10
EMEC	Triaenonychidae	1
USNM	Trichoceridae	1
USNM	Trichodactylidae	7
TTU	Trichodectidae	85
OSU	Trichogrammatidae	68
USNM	Trichoniscidae	19
MCZ	Trichopetalidae	8
TAMU	Tridactylidae	124
UNM	Trigonidiidae	78
MCZ	Triopsidae	11
CSCA	Triozidae	116
TTU	Triviidae	1
OMNH	Trochidae	3
TAMU	Trogidae	122
OSU	Trogossitidae	9
EMEC	Trombiculidae	1
iNaturalist	Trombidiidae	6
TAMU	Tropiduchidae	19
TTU	Tropisuridae	14
OMNH	Turbinidae	1
OMNH	Turridae	1
OMNH	Turritellidae	1
USNM	Tylidae	1
FMNH	Typhlobolellidae	8
OSU	Ulidiidae	23
DMNS	Uloboridae	36
MCZ	undefinable	1
NMSU	Undescribed ammoxenidae	1
EMEC	undetermined	32
USNM	Unknown chilopoda	2
USNM	Unknown diplopoda	4
USNM	Unknown geophilomorpha	6
USNM	Unknown hymenoptera	1
USNM	Unknown lepidoptera	1
USNM	Unknown lithobiomorpha	8
USNM	Unknown opiliones	9
USNM	Unknown thysanoptera	1
USNM	Upogebiidae	44
UNM	Uraniidae	22
USNM	Uristidae	3
NMSU	Vaejovidae	258
PU	Velidae	1
NMSU	Veliidae	2305
OMNH	Veneridae	3
NMSU	Vespidae	1069
USNM	Vibiliidae	21
USNM	Watobiidae	7
ASU	WeevilTissueCollection	1
MCZ	Xanthidae	62
OMNH	Xenophoridae	2
USNM	Xestoleberididae	3
KU	Xiphocentronidae	25
MSU	Xylorictidae	2
UNM	Xystodesmidae	85
YPM	Yponomeutidae	267
MCZ	Zalmoxidae	28
FMNH	Zodariidae	198
UNM	Zopheridae	810
UNM	Zorocratidae	34
NMSU	Zygaenidae	26
