family	count(scientificName)
Abacionidae	6
Acanaloniidae	28
Acanthametropodidae	1
Acanthaspidiidae	1
Acantholeberidae	1
Acanthopidae	1
Acanthopteroctetidae	1
Acanthosomatidae	6
Acaridae	6
Acartiidae	7
Acartophthalmidae	1
Acastidae	1
Achatinellidae	4
Achilidae	53
Achipteriidae	2
Achiridae	5
Aclerdidae	8
Acmaeidae	8
Acrididae	359
Acroceridae	7
Acrolepiidae	3
Acrolophidae	16
Acteonidae	1
Acuariidae	7
Adelgidae	11
Adelidae	8
Aderidae	33
Aegialiidae	3
Aegidae	9
Aeglidae	1
Aenictopecheidae	1
Aeolothripidae	24
Aeshnidae	41
Aetalionidae	2
Aethridae	9
Aetideidae	15
Agathotanaidae	2
Agelendae	1
Agelenidae	48
Agnostidae	1
Agonoxenidae	2
Agostocarididae	1
Agriolomacidae	2
Agromyzidae	74
Agromyziidae	1
Agyrtidae	7
Aididae	1
Akanthophoreidae	1
Albuneidae	7
Aleyrodidae	132
Algophagidae	1
Allocreadiidae	3
Alloptidae	1
Allopyragraphoridae	1
Alokistocaridae	7
Alpheidae	83
Alucitidae	5
Alvinocarididae	1
Alydidae	33
Amaurobiidae	47
Ameiridae	8
Ameletidae	19
Ameronothridae	2
Ametropodidae	1
Ammotheidae	8
Ammotrechidae	14
Amorphoscelidae	1
Ampeliscidae	39
Amphientomidae	1
Amphilochidae	10
Amphinectidae	1
Amphipsocidae	1
Amphisbatidae	2
Amphizoidae	5
Ampithoidae	11
Ampulicidae	5
Ampullariidae	1
Analgidae	1
Anapidae	1
Ancinidae	3
Ancorabolidae	3
Ancylidae	3
Ancylostomatidae	6
Ancyracanthidae	2
Andrenidae	1255
Andrognathidae	2
Angiodictylidae	1
Anguillidae	2
Angusticaecidae	1
Anisembiidae	1
Anisogammaridae	3
Anisopodidae	7
Annulariidae	2
Anobiidae	64
Anomiidae	1
Anoplocephalidae	4
Anoplogastridae	1
Anotopteridae	1
Antarcturidae	1
Antennariidae	7
Antheluridae	2
Anthicidae	167
Anthocoridae	39
Anthomyiidae	129
Anthomyzidae	11
Anthophoridae	181
Anthribidae	24
Anthuridae	19
Antrodiaetidae	10
Anyphaenidae	37
Aoridae	43
Apataniidae	17
Apatelodidae	5
Apaturidae	3
Aphalaridae	67
Aphelinidae	75
Aphidae	1
Aphididae	1134
Aphidiidae	2
Aphodiidae	55
Aphrophoridae	31
Apidae	1251
Apidea	1
Apioceridae	18
Apseudidae	6
Apsilocephalidae	1
Aradidae	83
Araneidae	213
Archaeobalanidae	5
Archeocrypticidae	4
Architectonicidae	3
Arctiidae	618
Arctopsychidae	3
Arcturidae	5
Argasidae	7
Argestidae	12
Argidae	24
Argiopidae	1
Argissidae	1
Argulidae	2
Arietellidae	1
Arionidae	1
Aristaeidae	1
Aristeidae	5
Armadillidae	2
Armadillidiidae	3
Arrenuridae	3
Arrhopalitidae	1
Artematopodidae	5
Artemiidae	1
Artheneidae	3
Arthrolycosidae	2
Asaphidae	4
Ascalaphidae	6
Ascaridae	1
Ascarididae	3
Asellidae	6
Asilidae	300
Aspidogastridae	2
Astacidae	3
Asteiidae	16
Asterocheridae	1
Asterolecaniidae	19
Astronesthidae	11
Atelecyclidae	1
Atemnidae	3
Athericidae	1
Atopetholidae	2
Attelabidae	30
Atyidae	9
Atypidae	6
Augaptilidae	3
Aulacidae	3
Aulacigastridae	3
Autostichidae	3
Avenzoariidae	1
Aviculariidae	1
Axiidae	8
Axymyiidae	1
Azygiidae	3
Baetidae	93
Baetiscidae	5
Bairdiidae	4
Balanidae	18
Barbouriidae	1
Bateidae	5
Bathycheilidae	1
Bathygadidae	3
Bathylagidae	9
Bathypontiidae	1
Bathypteroidae	7
Batillariidae	1
Batrachedridae	3
Bdellidae	2
Bdellouridae	1
Bedelliidae	1
Bellostomatidae	4
Belostomatidae	31
Benthesicymidae	6
Bentheuphausiidae	1
Berothidae	3
Berytidae	27
Bethylidae	35
Beyrichiidae	1
Bibionidae	14
Biphyllidae	3
Bittacidae	7
Blaberidae	5
Blaniulidae	6
Blastobasidae	9
Blattellidae	23
Blattidae	6
Blennocampinae	1
Blissidae	38
Bodotriidae	16
Bolboceratidae	19
Bolbomyiidae	1
Bolliidae	1
Bombycidae	12
Bombyliidae	67
Boopidae	1
Bopyridae	5
Boreidae	9
Boridae	1
Bosminidae	5
Bostrichidae	49
Bothrideridae	4
Bovicolidae	1
Brachycentridae	24
Brachyceridae	4
Brachycoeliidae	1
Brachypteridae	4
Brachystomatidae	5
Braconidae	330
Bradybaenidae	1
Bradynobaenidae	10
Branchinectidae	2
Brentidae	21
Bruchidae	71
Buccinidae	6
Bucculatricidae	13
Bucephalidae	1
Bulimulidae	6
Bullidae	1
Buprestidae	293
Bursidae	1
Buthidae	15
Byrrhidae	25
Bythocytheridae	2
Byturidae	3
Caddidae	2
Caeciliusidae	2
Caenidae	19
Calamoceratidae	4
Calanidae	14
Calappidae	18
Caleremaeidae	1
Caligidae	5
Caliscelidae	39
Callianassidae	14
Calliopiidae	7
Calliostomatidae	4
Callipallenidae	5
Calliphorida	1
Calliphoridae	69
Callirhipidae	1
Calocarididae	1
Calophyidae	6
Calopterygidae	16
Calymenidae	9
Calyptraeidae	9
Cambalidae	4
Cambaridae	71
Camisiidae	8
Campodeidae	2
Camptoneuritidae	1
Canacidae	16
Cancridae	12
Candaciidae	1
Candonidae	7
Cantharidae	115
Canthocamptidae	1
Canthyloscelidae	1
Canuellidae	2
Capillaridae	1
Capniidae	81
Caponiidae	5
Caprellidae	23
Caprellinoididae	1
Capulidae	1
Carabidae	4059
Caraboacaridae	1
Carabodidae	1
Carcinophoridae	2
Cardiidae	10
Carditidae	3
Carnidae	2
Carpiliidae	1
Carposinidae	5
Carychiidae	1
Cassidae	6
Catillicephalidae	1
Cebrionidae	2
Cecidomyiidae	100
Cecropidae	1
Centropagidae	8
Cephaloidae	1
Cephidae	9
Cerambycidae	731
Ceraphronidae	3
Ceratiidae	3
Ceratocombidae	3
Ceratocumatidae	2
Ceratolasmatidae	3
Ceratophyllidae	31
Ceratopogonidae	102
Ceratoppiidae	2
Ceratozetidae	8
Cercopidae	24
Cercropidae	1
Cerithiidae	3
Cerococcidae	6
Cerophytidae	2
Certatopogonidae	1
Cerviniidae	9
Cerylonidae	11
Cetomimidae	6
Cetoniidae	34
Chaetiliidae	10
Chalcididae	49
Chamaemyiidae	15
Chamidae	3
Chamobatidae	2
Chaoboridae	7
Charopidae	1
Chasmocarcinidae	2
Chauliodontidae	2
Cheilocephalidae	1
Cheiragonidae	2
Cheiridiidae	1
Cheirocratidae	1
Cheiruridae	2
Cheliferidae	6
Chelonariidae	1
Chelonibiidae	1
Chernetidae	15
Cheyletidae	3
Chilenophilidae	1
Chilomastigidae	1
Chirocephalidae	2
Chironomidae	325
Chirostylidae	5
Chloroperlidae	42
Chloropidae	172
Choctellidae	1
Choreutidae	10
Chrysididae	68
Chrysomelidae	781
Chrysomelidae:Bruchinae	2
Chrysopidae	42
Chthamalidae	5
Chthoniidae	3
Chydoridae	33
Chyromyidae	17
Cicadellidae	3190
Cicadidae	219
Cicindelidae	9
Ciidae	51
Cimbicidae	9
Cimicidae	19
Cirolanidae	29
Cixiidae	147
Clambidae	5
Clariidae	1
Clastopteridae	34
Clausidiidae	3
Clausocalanidae	9
Cleidogonidae	6
Cleridae	143
Cletodidae	7
Clinostomatidae	2
Cloacaridae	1
Clubionidae	65
Clusiidae	18
Coccidae	89
Coccinellidae	336
Cochlicopidae	1
Cochylidae	7
Coelopidae	5
Coenagrionidae	113
Coenobitidae	2
Coleophoridae	89
Colletidae	297
Colletteidae	5
Colomastigidae	6
Colossendeidae	6
Columbellidae	5
Colydiidae	15
Conchaspididae	1
Conidae	32
Coniopterygidae	6
Conopidae	25
Conotylidae	5
Copromorphidae	2
Corallanidae	5
Coralliophilidae	1
Corbiculidae	5
Cordulegastridae	8
Corduliidae	46
Cordullidae	19
Coreidae	209
Corethrellidae	1
Corimelaenidae	10
Corinnidae	63
Corixidae	140
Coronulidae	1
Corophiidae	31
Corydalidae	14
Corydiidae	8
Corylophidae	12
Cosmetidae	10
Cosmocercidae	1
Cosmochthoniidae	1
Cosmopterigidae	25
Cossidae	24
Crabronidae	698
Crambidae	462
Crangonidae	25
Crangonyctidae	2
Crossotonotidae	1
Cruziidae	1
Cryptocercidae	1
Cryptochiridae	2
Cryptocopidae	1
Cryptodesmidae	1
Cryptophagidae	32
Cryptopidae	5
Ctenidae	8
Ctenizidae	5
Ctenophthalmidae	5
Cucujidae	11
Culicidae	151
Cunaxidae	1
Cupedidae	6
Curaliidae	1
Curculionidae	1352
Curtonotidae	1
Cuspidariidae	1
Cyathocephalidae	1
Cyathostomidae	4
Cybaeidae	16
Cyclocoelidae	4
Cyclodorippidae	2
Cyclopidae	29
Cyclopinidae	1
Cydnidae	57
Cylichnidae	1
Cylindroleberididae	15
Cylindropsyllidae	1
Cylindrotomidae	2
Cymidae	18
Cymopoliidae	3
Cymothoidae	6
Cynidae	1
Cynipidae	80
Cyphocarididae	2
Cypraeidae	15
Cyprididae	15
Cypridinidae	6
Cyproideidae	1
Cyrtaucheniidae	7
Cytherellidae	2
Cytheridae	2
Cytherideidae	5
Cytheruridae	4
Cytodytidae	1
Cyzicidae	5
Dactylogyridae	1
Dactylopiidae	4
Dairidae	1
Dairoididae	1
Dalceridae	2
Dalmanitidae	1
Damaeidae	4
Danaidae	3
Daphnidae	2
Daphniidae	31
Daraineidae	1
Darcythompsoniidae	3
Darwinulidae	1
Dascillidae	2
Davaineidae	4
Deinopidae	1
Delphacidae	397
Dentaliidae	1
Derbidae	72
Dermanyssidae	9
Dermestidae	78
Derodontidae	9
Desidae	1
Desmosomatidae	19
Dexaminidae	7
Diaphanidae	1
Diapheromeridae	8
Diapriidae	28
Diaptomidae	17
Diaspididae	351
Diastatidae	1
Diastylidae	36
Dibothriocephalidae	2
Dicrocoeliidae	10
Dictynidae	152
Dictyopharidae	79
Dicyrtomidae	2
Diguetidae	4
Dikelocephalidae	2
Dilepididae	6
Dinesidae	1
Dioecocestidae	1
Diogenidae	37
Dionididae	1
Diopsidae	1
Diosaccidae	29
Dipetalonematidae	1
Diphyllobothridae	1
Diphyllostomatidae	2
Diplagnostidae	1
Diplocentridae	2
Diplodiscidae	1
Diplostomatidae	8
Dipluridae	2
Diprionidae	8
Dipseudopsidae	4
Dipsocoridae	1
Dipylidiidae	1
Dirivultidae	25
Discidae	5
Discocotylidae	2
Ditomyiidae	2
Dogielinotidae	1
Dolichometopidae	1
Dolichopodidae	368
Dolichopsyllidae	1
Dolichopteridae	3
Domeciidae	1
Donacidae	2
Dorippidae	3
Dorypygidae	1
Douglasiidae	4
Drassidae	1
Drepanellidae	3
Drepanidae	18
Dressenidae	1
Dromiidae	11
Drosophilidae	237
Dryinidae	14
Dryomyzidae	7
Dryophthoridae	19
Dryopidae	21
Dulichiidae	3
Dynastidae	56
Dynomenidae	1
Dysderidae	2
Dytiscidae	643
Ecbathyriontidae	1
Echeneididae	5
Echinocarididae	5
Echinorhynchidae	1
Echinostomatidae	7
Ecnomidae	2
Ectinosomatidae	17
Ectobiidae	10
Eimeriidae	1
Elachistidae	79
Elateridae	640
Elateroidea	1
Eleotrididae	4
Ellipsocephaloididae	1
Ellobiidae	2
Elmidae	135
Elviniidae	5
Elytroneuridae	1
Embolemidae	1
Empidae	1
Empididae	53
Encrinuridae	2
Encyrtidae	215
Endamoebidae	3
Endecatomidae	2
Endeididae	1
Endomychidae	32
Engraulididae	9
Enicocephalidae	3
Eniochthoniidae	1
Enoplometopidae	1
Entocytheridae	1
Entomobryidae	14
Epermeniidae	4
Ephemerellidae	60
Ephemeridae	11
Ephippididae	2
Ephydridae	164
Epialtidae	37
Epidermoptidae	8
Epimeriidae	1
Epimetopidae	1
Epiplemidae	2
Epipsocidae	1
Epipygidae	1
Epipyropidae	2
Epitoniidae	4
Erebidae	494
Erebonasteridae	3
Eremaeidae	6
Eremobatidae	139
Ereynetidae	3
Ergasilidae	1
Eriococcidae	54
Eriocottidae	1
Eriocraniidae	4
Eriophyidae	1
Eriphiidae	2
Erirhinidae	7
Erotylidae	54
Erythraeidae	2
Ethmiidae	3
Ethusidae	2
Eucaenidae	1
Eucalanidae	2
Euchaetidae	4
Eucharitidae	6
Eucinetidae	10
Eucnemidae	32
Eucopiidae	4
Eucytheridae	3
Eugonatonotidae	1
Eukoeneniidae	1
Eulichadidae	1
Eulimidae	1
Eulophidae	242
Eumastacidae	2
Eumenidae	75
Eumunididae	1
Eupelmidae	36
Euphausiidae	21
Euphthiracaridae	2
Eurycercidae	2
Eurymerodesmidae	2
Euryplacidae	2
Eurysquillidae	1
Eurytomidae	18
Euryuridae	12
Eusiridae	15
Euteliidae	4
Euterpinidae	1
Eutichuridae	2
Evaniidae	8
Expanathuridae	2
Fanniidae	39
Fasciolariidae	5
Fasciolidae	3
Ficidae	2
Figitidae	3
Filariidae	2
Filaroididae	2
Filistatidae	3
Fissurellidae	8
Flatidae	58
Floridobolidae	1
Forficulidae	1
Formica	1
Formicidae	1786
Freyanidae	1
Fulgoridae	34
Gabuciniidae	2
Galacticidae	1
Galatheidae	17
Galeorhinidae	3
Galumnidae	1
Gammarellidae	2
Gammaridae	21
Garypidae	2
Gasteruptiidae	9
Gecarcinidae	6
Gelastocoridae	13
Gelechiidae	231
Geocoridae	18
Geometridae	1148
Geophilidae	11
Geotrupidae	56
Gerridae	72
Geryonidae	2
Gigantorhynchidae	2
Glaphyridae	3
Glaresidae	17
Glomeridae	1
Glossosomatidae	42
Glycyphagidae	1
Glyphidoceridae	1
Glyphipterigidae	4
Glyphocrangonidae	4
Glyptograpsidae	2
Gnaphosidae	227
Gnaphosiidae	1
Gnathiidae	4
Gnathophyllidae	3
Gnathostenetroidae	1
Gnathostomatidae	2
Gobiesocidae	4
Goeridae	7
Gomphidae	72
Goneplacidae	4
Gonodactylidae	12
Gracillariidae	96
Grammistidae	3
Grapsidae	17
Gryllacrididae	1
Gryllidae	58
Grylloblattidae	2
Gryllotalpidae	6
Gymnodamaeidae	1
Gyrinidae	70
Gyropidae	1
Habronematidae	1
Hadziidae	2
Hahniidae	32
Halacaridae	5
Halictidae	632
Halimococcidae	2
Haliotididae	3
Haliplidae	88
Halocyprididae	10
Haminoeidae	2
Hammatocnemidae	8
Hapalocarcinidae	1
Haplobothriidae	1
Haplochthoniidae	1
Haplomunnidae	1
Haploniscidae	6
Haplotrematidae	2
Haplozetidae	2
Harpacticidae	10
Harpidae	1
Hastagnostidae	1
Haustoriidae	24
Hebridae	16
Hectopsyllidae	1
Heleomyzidae	47
Helicarionidae	2
Helicidae	3
Helicinidae	2
Helicodiscidae	3
Helicopsychidae	4
Heliodinidae	8
Heliozelidae	6
Helminthoglyptidae	1
Helophoridae	4
Heloridae	2
Hemerobiidae	43
Hemicytheridae	4
Hemisquillidae	1
Hemiuridae	1
Henicopidae	3
Hepialidae	22
Heptageniidae	86
Hermanniellidae	1
Hermanniidae	1
Hermatobatidae	1
Heronimidae	1
Hersiliidae	2
Hesperiidae	445
Hesperinidae	1
Heterakidae	1
Heteroceridae	31
Heterogastridae	3
Heteromyzidae	1
Heteronemiidae	5
Heterophyidae	1
Heterorhabdidae	3
Heterothripidae	2
Hexamitidae	1
Himantariidae	1
Hippidae	6
Hippoboscidae	11
Hippolytidae	52
Hipponicidae	1
Hirudisomatidae	1
Hirudosomatidae	1
Histeridae	244
HisteridaeÂ 	11
Histiostomatidae	1
Hodotermitidae	1
Holognathidae	1
Homalonychidae	4
Homolidae	2
Homolodromiidae	1
Homotomidae	1
Hubbardiidae	2
Humerobatidae	4
Huntemanniidae	6
Hutchinsoniellidae	3
Hyadesiidae	1
Hyalellidae	3
Hyalidae	6
Hybosoridae	9
Hybotidae	41
Hydatinidae	1
Hydraenidae	19
Hydridae	1
Hydrobiidae	3
Hydrobiosidae	4
Hydrochidae	6
Hydrometridae	6
Hydrophilidae	282
Hydropsychidae	119
Hydroptilidae	84
Hydroscaphidae	1
Hymenolepididae	3
Hymenopodidae	1
Hyperiidae	11
Hypochilidae	10
Hypochthoniidae	1
Hypoderidae	5
Hypogastruridae	9
Hyponeoidae	1
Hyssuridae	3
Hystrichopsyllidae	19
Ibaliidae	2
Ichneumonidae	737
Ichnuemonidae	3
Idiacanthidae	2
Idoteidae	26
Ilyocryptidae	2
Ilyocyprididae	1
Inachidae	14
Inachoididae	16
incertae sedis	1
Incurvariidae	6
Ingolfiellidae	1
Iphimediidae	4
Isaeidae	32
Ischnochitonidae	14
Ischnomesidae	1
Ischryopsalididae	1
Ischyroceridae	11
Ischyropsalididae	7
Ismaridae	1
Isochilinidae	1
Isognomonidae	2
Isonychiidae	7
Isotomidae	24
Issidae	37
Ithonidae	1
Ithyceridae	1
Iuridae	4
Ixodidae	28
Janirellidae	3
Janiridae	9
Japygidae	1
Joeropsididae	4
Joppeicidae	1
Julidae	11
Kalliapseudidae	4
Kalotermitidae	17
Kateretidae	10
Katiannidae	1
Kermesidae	22
Keroplatidae	3
Kerriidae	8
Kinnaridae	3
Kloedenellidae	22
Kloedeniidae	4
Knemidokoptidae	1
Knoxitidae	1
Kuhliidae	1
Kuwaniidae	2
Labiduridae	1
Labiidae	1
Lacturidae	1
Laelapidae	1
Laemobothriidae	1
Laemophloeidae	23
Lafystiidae	1
Lamellariidae	2
Lampropidae	13
Lampyridae	40
Lanceolidae	8
Languriidae	9
Laomediidae	1
Laophontidae	11
Largidae	17
Lasaeidae	2
Lasiocampidae	58
Lasiochilidae	3
Lathridiidae	10
Latreilliidae	1
Latridiidae	71
Lauxaniidae	79
Lecanodiaspididae	5
Lecithodendriidae	3
Leiodidae	85
Lepadidae	4
Leperditiidae	3
Lepidomysidae	1
Lepidopsocidae	1
Lepidostomatidae	50
Lepismatidae	2
Leptanthuridae	3
Leptastacidae	2
Leptestheriidae	1
Leptoceridae	90
Leptocheliidae	5
Leptocytheridae	1
Leptodoridae	1
Leptohyphidae	11
Leptonetidae	1
Leptophlebiidae	32
Leptopodidae	1
Leptopontiidae	1
Leptopsyllidae	5
Lernaeidae	1
Lernaeopodidae	5
Lestidae	20
Leucochloridlidae	1
Leuconidae	23
Leucosiidae	25
Leucospidae	4
Leucothoidae	4
Leuctridae	21
Liacaridae	3
Libellulidae	108
Libytheidae	4
Lichakephalidae	1
Liebstadiidae	1
Ligiidae	4
Liljeborgiidae	8
Limacidae	2
Limacodidae	57
Limnadiidae	1
Limnephilidae	218
Limnichidae	21
Limnocytheridae	3
Limnoriidae	2
Limoniidae	102
Limulidae	2
Linotaeniidae	4
Linyphiidae	816
Liocranidae	9
Lipogenyidae	1
Liposcelididae	2
Listrophoridae	1
Lithobiidae	52
Lithodidae	20
Littorinidae	13
Liviidae	16
Llinyphiidae	1
Lonchaeidae	5
Lonchopteridae	6
Longusorbiidae	1
Lophogastridae	6
Lophoproctidae	2
Lotidae	5
Lottiidae	6
Loxoconchidae	1
Lubbockiidae	2
Lucanidae	19
Lucicutiidae	4
Luciferidae	2
Lucinidae	4
Lumbricidae	4
Lutrochidae	3
Lycaeidae	1
Lycaenidae	313
Lycidae	34
Lycosidae	314
Lyctocoridae	4
Lygaeidae	222
Lymantriidae	32
Lymexylidae	3
Lymexylonidae	1
Lymnaeidae	8
Lynceidae	3
Lyonetiidae	7
Lyonsiidae	2
Lysianassidae	39
Lysianassidea	1
Lysiosquillidae	2
Machilidae	5
Macracanthorhynchidae	1
Macrochelidae	2
Macromiidae	3
Macrostylidae	2
Macrothricidae	6
Macroveliidae	3
Macrurocyttidae	1
Mactridae	3
Maeridae	2
Majidae	47
Malaconothridae	1
Malacosteidae	7
Mantidae	18
Mantispidae	7
Mantoididae	1
Margaritiferidae	1
Margarodidae	7
Masaridae	29
Matsucoccidae	8
Mecicobothriidae	2
Mecistocephalidae	2
Megacalanidae	1
Megachilidae	886
Megalopodidae	4
Megalopygidae	35
Megaluropidae	2
Megapontiidae	1
Megaspilidae	5
Megisthanidae	1
Meinertellidae	2
Melamphaidae	13
Melandryidae	48
Melanostomiidae	50
Melitidae	48
Melittidae	42
Mellyridae	1
Meloidae	268
Melolonthidae	92
Melongenidae	6
Melphidippidae	7
Melyridae	92
Membracidae	344
Menippidae	3
Meropeidae	1
Mesocestoididae	3
Mesopsocidae	1
Mesoveliidae	3
Messicobolidae	1
Metapseudidae	5
Metidae	1
Metretopodidae	2
Metridinidae	9
Microcotylidae	1
Microlympiidae	1
Micromalthidae	1
Micronectidae	1
Micropezidae	9
Microphysidae	3
Micropterigidae	3
Microtrombidiidae	1
Milacidae	1
Milichiidae	25
Mimallonidae	6
Mimetidae	8
Miridae	2480
Mithracidae	39
Mitridae	9
Miturgidae	17
Mobulidae	2
Mochlozetidae	1
Modulidae	1
Mogoplistidae	3
Moinidae	6
Molannidae	11
Momphidae	12
Moniliformidae	2
Monomachidae	1
Monommatidae	2
Monophlebidae	6
Monotomidae	16
Mopaliidae	8
Mordellidae	127
Mormonillidae	1
Mugilidae	4
Munididae	4
Munidopsidae	6
Munnidae	6
Munnopsidae	17
Muricidae	43
Muscidae	298
MUtahillidae	2
Mutillidae	319
Mycetophagidae	24
Mycetophilidae	61
Mycobacteriaceae	1
Mycteridae	10
Mydidae	7
Mymaridae	10
Myocoptidae	2
Myrmecophilidae	4
Myrmeleontidae	39
Myrmeloentidae	1
Myrmosidae	1
Mysidae	59
Mysmenidae	7
Mythicomyiidae	1
Mytilidae	4
Nabidae	71
Nannastacidae	44
Nannoniscidae	3
Nannosquillidae	3
Nanophyidae	1
Narkidae	3
Nassariidae	7
Nasseriidae	1
Naticidae	7
Naucoridae	36
Neanuridae	4
Nearctodesmidae	1
Nebaliidae	3
Nemasomatidae	2
Nemastomatidae	9
Nematinae	1
Nematocarcinidae	2
Nemestrinidae	1
Nemonychidae	5
Nemouridae	59
Neobisiidae	9
Neoechinorhynchidae	2
Neoephemeridae	1
Neogoveidae	2
Neoliodidae	1
Neomegamphopidae	3
Neophyllobiidae	2
Neoscopelidae	3
Neotanaidae	11
Nephilidae	3
Nephropidae	4
Nepidae	18
Nepticulidae	13
Neritidae	4
Nesticidae	12
Nevadiidae	1
Ninidae	2
Nitidulidae	154
Noctuidae	3642
Nogodinidae	9
Nolidae	18
Normanellidae	2
Nosodendridae	3
Noteridae	22
Nothridae	2
Notocotylidae	1
Notodontidae	204
Notodromadidae	1
Notonectidae	44
Nototanaidae	1
Nudacotylidae	1
Nuuanuidae	1
Nycteribiidae	3
Nymphalidae	576
Nymphomyiidae	1
Nymphonidae	12
Ochlesidae	1
Ochodaeidae	22
Ochteridae	7
Ochyroceratidae	1
Ocypodidae	23
Odiniidae	1
Odontellidae	1
Odontoceridae	10
Odontopleuridae	1
Oecanthidae	11
Oechophoridae	3
Oecobiidae	4
Oecophoridae	77
Oedemeridae	69
Oedicerotidae	38
Oestridae	6
Ogyrididae	2
Oithonidae	6
Olenidae	5
Oligacanthorhynchidae	5
Oligoneuriidae	1
Oligotomidae	1
Olividae	6
Olpiidae	1
Omethidae	5
Omosudidae	1
Oncaeidae	4
Onchocercidae	3
Oniscidae	2
Onychiuridae	2
Oonopidae	40
Ophryoxidae	1
Opisidae	1
Opisthorchiidae	3
Oplophoridae	36
Opomyzidae	10
Opostegidae	2
Oppiidae	4
Orchipedidae	1
Oregoniidae	8
Oreogetonidae	1
Oreohelicidae	2
Oribatellidae	1
Oribatulidae	3
Ormyridae	12
Orsodacnidae	1
Orsolobidae	1
Ortheziidae	15
Orussidae	6
Oryctocephalidae	1
Oryidae	2
Ostraciidae	7
Ostreidae	3
Otitidae	10
Oxaeidae	2
Oxycarenidae	14
Oxyopidae	26
Oxyuridae	5
Oziidae	5
Pachybolidae	1
Pachydomellidae	1
Pachygronthidae	9
Paeromopodidae	1
Pagodiidae	1
Pagurapseudidae	2
Paguridae	45
Palaemonidae	52
Palicidae	3
Palingeniidae	1
Palinuridae	9
Pallopteridae	3
Pamphiliidae	34
Pandalidae	27
Pandaridae	4
Pandoridae	1
Panopeidae	42
Panorpidae	18
Panorpodidae	15
Pantheidae	9
Papilionidae	85
Papyriaspididae	1
Paracalanidae	7
Paradoxididae	2
Paradoxosomatidae	1
Paragonimidae	1
Parajulidae	15
Parakalummidae	1
Paralepididae	19
Paramesochridae	2
Paramphistomatidae	1
Paramunnidae	5
Paranebaliidae	2
Paranonychidae	15
Paranthuridae	5
Parapaguridae	2
Parapseudidae	3
Parasitidae	1
Parasquillidae	1
Paratropididae	1
Parattidae	4
Pardaliscidae	3
Pariambidae	6
Parthenopidae	15
Pasiphaeidae	14
Passalidae	43
Passandridae	1
Patellidae	1
Pectinidae	13
Pediciidae	7
Pediculidae	1
Pelecinidae	1
Peltidiidae	1
Peltogastridae	2
Peltoperlidae	5
Penaeidae	21
Pennellidae	4
Pentatomidae	450
Penthaleidae	1
Percnidae	1
Pergidae	4
Perilampidae	11
Periplomatidae	1
Periscelididae	4
Perlidae	38
Perlodidae	48
Perlolidae	2
Peronopsidae	2
Perothopidae	1
Personidae	1
Petaluridae	2
Petricolidae	1
Phacopidae	2
Phacopteronidae	1
Phaennidae	2
Phalacridae	12
Phalacromidae	2
Phalangiidae	19
Phalangodidae	37
Pharidae	1
Phengodidae	8
Phenopelopidae	3
Philanthidae	3
Phillipsiidae	6
Philodromidae	100
Philomedidae	11
Philophthalmidae	1
Philopotamidae	38
Philopteridae	2
Philosciidae	2
Phlaeothripidae	48
Phliantidae	3
Phoenicococcidae	1
Pholcidae	37
Pholididae	8
Phoridae	282
Photichthyidae	8
Phoxichilidiidae	13
Phoxocephalidae	38
Phronimidae	4
Phrosinidae	2
Phrurolithidae	24
Phryganeidae	39
Phrynidae	3
Phthiracaridae	4
Phtisicidae	2
Phylloxeridae	5
Phymatidae	1
Physalopteridae	3
Physidae	7
Phytoseiidae	12
Pieridae	159
Piesmatidae	7
Pilumnidae	15
Pimoidae	2
Pinnidae	1
Pinnotheridae	32
Piophilidae	15
Pipunculidae	51
Pisauridae	13
Pisidiidae	5
Pityococcidae	3
Plagiorchiidae	14
Plagusiidae	2
Planorbidae	12
Plasmodiidae	4
Plataspidae	1
Plataspididae	2
Platydesmidae	3
Platygastridae	150
Platyischnopidae	2
Platypezidae	5
Platyscelidae	1
Platystomatidae	9
Plectreuridae	3
Pleidae	3
Pleocomidae	21
Pleorchiidae	1
Pleuroceridae	2
Pleurocopidae	1
Pleustidae	12
Plicatulidae	1
Plutellidae	14
Pneumospiruridae	1
Podapolipidae	1
Podoceridae	13
Podonidae	4
Podoscirtidae	1
Poduridae	4
Poecilasmatidae	3
Pollicipedidae	1
Polybiidae	7
Polycentropodidae	67
Polychelidae	7
Polydesmidae	12
Polygyridae	35
Polymitarcidae	1
Polymitarcyidae	4
Polymorphidae	1
Polyodontidae	1
Polyphagidae	15
Polyphemidae	1
Polyplacidae	1
Polystoechotidae	2
Polystomatidae	1
Polyxenidae	1
Polyzoniidae	3
Pomadasyidae	2
Pomphorhynchidae	2
Pompilidae	230
Pontellidae	4
Pontocyprididae	1
Pontoporeiidae	5
Porcellanidae	58
Porcellionidae	5
Portunidae	43
Potamanthidae	3
Potamididae	2
Poteriidae	1
Primitiidae	1
Procarididae	1
Processidae	9
Proctophyllodidae	4
Proctotrupidae	6
Prodidomidae	1
Prodoxidae	11
Prokoeneniidae	1
Prostomidae	1
Protellidae	5
Proteocephalidae	1
Protoglomeridae	2
Protolophidae	2
Protoneuridae	2
Protostrongylidae	3
Psammobiidae	3
Pselaphidae	5
Psephenidae	14
Pseudaliidae	2
Pseudironidae	1
Pseudococcidae	269
Pseudocumatidae	1
Pseudodiaptomidae	1
Pseudomelatomidae	1
Pseudophasmatidae	2
Pseudorhombilidae	5
Pseudosquillidae	3
Pseudostigmatidae	5
Pseudotachidiidae	7
Pseudotanaidae	3
Pseudothelphusidae	20
Psilidae	8
Psocidae	9
Psoralgidae	1
Psychidae	13
Psychodidae	10
Psychomyiidae	6
Psyllidae	89
Pteriidae	1
Pterocephaliidae	4
Pterolichidae	2
Pteromalidae	49
Pteronarcyidae	5
Pteronarcyoidea	1
Pteronyssidae	2
Pterophoridae	48
Pthiridae	1
Ptiliidae	19
Ptilodactylidae	8
Ptinidae	58
Ptychopariidae	2
Ptychopteridae	2
Pulicidae	9
Punctidae	1
Punctoribatidae	5
Pupillidae	18
Putoidae	16
Pycnogonidae	2
Pyemotidae	1
Pygmephoridae	1
Pygrotidae	1
Pyralidae	374
Pyramidellidae	1
Pyrgodesmidae	2
Pyrgotidae	6
Pyrochroidae	28
Pyroehroidae	1
Pyroglyphidae	3
Pyrrhocoridae	20
Pythidae	6
Quadroppiidae	1
Quasillitidae	1
Ranellidae	2
Raninidae	12
Raphidiidae	9
Raphiophoridae	1
Raymondinidae	1
Reduviidae	274
Rhabdiasidae	1
Rhachodesmidae	8
Rhadinorhynchidae	5
Rhagionidae	35
Rhaphidiidae	1
Rhaphidophoridae	38
Rhincalanidae	2
Rhinocricidae	2
Rhinophoridae	1
Rhinotermitidae	7
Rhipiceridae	4
Rhipiphoridae	25
Rhizophagidae	5
Rhizothricidae	1
Rhopaliasidae	1
Rhopalidae	53
Rhopalosomatidae	3
Rhyacophilidae	81
Rhynchitidae	7
Rhyparochromidae	204
Rhysodidae	16
Richardiidae	1
Ricinoididae	6
Rictulariidae	3
Riodinidae	35
Romaleidae	12
Roproniidae	2
Rosensteiniidae	1
Rutelidae	67
Rutidermatidae	6
Sabaconidae	11
Sacculinidae	2
Sagdidae	1
Saldidae	84
Salpingidae	18
Salticidae	383
Santiidae	1
Sapygidae	5
Sarcophagidae	94
Sarcoptidae	1
Sarsiellidae	29
Saturniidae	136
Satyridae	4
Scalpellidae	1
Scaphidiidae	1
Scarabaeidae	1670
Scathophagidae	56
Scatopsidae	2
Scelionidae	8
Scenopinidae	4
Scheloribatidae	1
Schendylidae	7
Schistosomatidae	5
Schizopetalidae	1
Schizopodidae	1
Schizopteridae	5
Schreckensteiniidae	2
Sciaridae	10
Scinidae	2
Sciomyzidae	100
Scirtidae	24
Sclerosomatidae	27
Scolebythidae	2
Scolecitrichidae	9
Scoliidae	25
Scolopendridae	13
Scolopocryptopidae	8
Scolytidae	41
Scombrolabracidae	1
Scopelarchidae	3
Scophthalmidae	1
Scraptiidae	17
Scutacaridae	1
Scutelleridae	64
Scutigerellidae	1
Scutigeridae	3
Scydmaenidae	3
Scyllaridae	10
Scythrididae	7
Scytodidae	9
Sebidae	2
Segestriidae	4
Selenopeltidae	2
Selenopidae	7
Semelidae	2
Senoculidae	1
Sepsidae	17
Sergestidae	10
Sericostomatidae	8
Serolidae	3
Serphitidae	3
Sesarmidae	11
Sesiidae	55
Sessiidae	1
Sialidae	11
Sicariidae	14
Sicyoniidae	12
Sididae	7
Sierolomorphidae	2
Silphidae	55
Silvanidae	24
Simuliidae	67
Siphlonuridae	15
Siphonariidae	1
Siphonophoridae	2
Siricidae	19
Sironidae	7
Sisyridae	3
Smarididae	2
Sminthuridae	5
Sminthurididae	2
Solecurtidae	1
Solenidae	2
Solenoceridae	9
Sotoplacidae	1
Sparassidae	7
Sphaeragnostidae	3
Sphaeriodesmidae	13
Sphaeritidae	1
Sphaeriusidae	1
Sphaeroceridae	64
Sphaeromatidae	15
Sphecidae	269
Sphindidae	5
Sphingidae	184
Sphyranuridae	1
Sphyriidae	2
Spinocalanidae	4
Spiraxidae	1
Spirobolidae	8
Spirocercidae	1
Spirostreptidae	6
Spirulidae	1
Spiruridae	15
Spondylidae	2
Spongicolidae	1
Spongiphoridae	3
Squillidae	17
Staphilinidae	1
Staphylinidae	1349
Stegocephalidae	4
Steingeliidae	1
Stemmiulidae	3
Stenasellidae	1
Stenetriidae	2
Stenopelmatidae	4
Stenopodidae	2
Stenopsocidae	1
Stenothoidae	19
Stenotrachelidae	5
Stephanidae	6
Sternophoridae	2
Stigmaeidae	1
Stigmaphronidae	2
Stilipedidae	1
Stratiomyiadae	6
Stratiomyidae	97
Streblidae	37
Streptocephalidae	5
Strigeidae	4
Strobilopsidae	4
Strombidae	6
Strongylidae	1
Strongyloididae	2
Strongylophthalmyiidae	1
Stygnommatidae	1
Stygnopsidae	2
Subtriquetridae	1
Subulinidae	6
Subuluridae	1
Succineidae	8
Suctobelbidae	1
Superstitionidae	1
Surperstitioniidae	1
Syarinidae	1
Symmocidae	4
Symphytognathidae	1
Synchroidae	2
Synopiidae	11
Syringobiidae	2
Syrphidae	662
Tabanidae	271
Tachinidae	330
Taeniidae	13
Taeniopterygidae	10
Talitridae	13
Tanaellidae	5
Tanaididae	6
Tanaissuidae	2
Tanypezidae	2
Tecticipitidae	1
Tectocepheidae	2
Tegastidae	2
Tegoribatidae	2
Telemidae	3
Tellinidae	14
Telorchiidae	1
Temoridae	8
Tenebriodinae	1
Tenebrionidae	1159
Tengellidae	5
Tenthredinidae	345
Tenuipalpidae	18
Tephritidae	97
Teratembiidae	1
Terebridae	3
Termitidae	4
Termopsidae	3
Tethinidae	2
Tetrablemmidae	1
Tetraclitidae	3
Tetradellidae	1
Tetragnathidae	68
Tetragonicipitidae	2
Tetraliidae	2
Tetrameridae	20
Tetranychidae	24
Tetrasquillidae	1
Tetrastemmatidae	1
Tetratomidae	22
Tetrigidae	23
Tettigoniidae	110
Thalestridae	18
Thamnocephalidae	2
Tharybidae	3
Thaumastellidae	1
Thelastomatidae	1
Thelaziidae	5
Thelyphonidae	2
Theraphosidae	18
Therevidae	70
Theridiidae	263
Theridiosomatidae	4
Thespidae	4
Thomisidae	166
Threvidae	1
Thripidae	124
Throscidae	9
Thyatiridae	14
Thyreocoridae	39
Thyrididae	10
Tineidae	73
Tingidae	112
Tiphiidae	33
Tipulidae	104
Tisbidae	10
Tischeriidae	7
Titanoecidae	4
Toernquistiidae	2
Tomoceridae	2
Tortanidae	1
Tortricidae	679
Torymidae	66
Toxoplasmatidae	1
Trachelidae	5
Trachelipodidae	2
Trachyleberididae	17
Trachypachidae	7
Trapeziidae	3
Travuniidae	10
Trematuridae	8
Treniidae	1
Trhypochthoniidae	2
Triaenonychidae	2
Triaenophoridae	1
Trichinellidae	1
Trichoceridae	3
Trichodactylidae	1
Trichodectidae	9
Trichogrammatidae	11
Trichoniscidae	4
Trichopeltariidae	1
Trichopetalidae	2
Trichosomoididae	1
Trichostrongylidae	18
Trichuridae	9
Tridactylidae	5
Tridenchthoniidae	1
Trigonalidae	3
Trigonidiidae	14
Trinucleidae	1
Triopsidae	3
Triozidae	57
Triviidae	2
Trochidae	7
Trogidae	45
Trogolotrematidae	1
Trogossitidae	26
Trombiculidae	5
Trombidiidae	2
Tropiduchidae	44
Trypanosomatidae	1
Tsinaniidae	1
Tubificidae	1
Tumidocarcinidae	1
Turbinellidae	1
Turbinidae	8
Turridae	2
Turritellidae	1
Tvaerenellidae	6
Tylidae	2
Typhlobolellidae	1
Ucididae	2
Uenoidae	29
Ulidiidae	19
Uloboridae	17
Unciolidae	1
Uniciolidae	1
Unidentified	1
Unionicolidae	1
Unionidae	79
UNKNOWN_NULL	568
Upogebiidae	5
Uraniidae	9
Uristidae	10
Urocoptidae	1
Urodidae	2
Uropodidae	5
Urotrematidae	1
Vaejovidae	32
Valloniidae	3
Valvatidae	1
Vanhorniidae	1
Varroidae	1
Varunidae	6
Veliidae	52
Veneridae	19
Vermipsyllidae	1
Vespidae	208
Vibiliidae	5
Vitrinidae	2
Viviparidae	8
Xanthidae	69
Xenophoridae	1
Xiphydriidae	5
Xyelidae	3
Xylococcidae	3
Xylomyidae	5
Xylophagidae	7
Xyloryctidae	3
Xystodesmidae	144
Yponomeutidae	41
Ypsolophidae	14
Zacanthoididae	1
Zodariidae	12
Zonitidae	19
Zopheridae	123
Zoridae	1
Zorocratidae	4
Zoropsidae	1
Zygaenidae	16
