family	count(distinct(concat(decimalLatitude,decimalLongitude)))
1 Rhopaliasidae, 2 Diplostomidae	1
1 Strigeidae/ 2 Threskiornithidae	1
Abacionidae	62
Acalaphidae	1
Acanaloniidae	1413
Acanloniidae	1
Acanthametropodidae	2
Acanthaspidiidae	11
Acanthochitonidae	1
Acantholeberidae	1
Acanthopidae	2
Acanthopteroctetidae	3
Acanthosomatidae	465
Acaridae	11
Acartiidae	71
Acartophthalmidae	15
Acastidae	2
Aceraceae	2
Acerentomidae	5
Acertentomidae	1
Achatinellidae	3
Achilidae	692
Achipteriidae	23
Achiridae	28
Aclerdidae	15
Acmaeidae	8
Acridadae	1
Acrididae	10229
Acrididaehttp://symbiota4.acis.ufl.edu/scan/portal	1
Acroceridae	28
Acrolepiidae	14
Acrolophidae	47
Actaletidae	1
Acteonidae	1
Acuariidae	13
Adelgidae	139
Adelidae	31
Aderidae	266
Aderidae?	1
Adrenidae	3
Aegeriidae	1
Aegialiidae	3
Aegidae	45
Aeglidae	1
Aegyrtidae	8
Aenictopecheidae	1
Aeolothripidae	152
Aeroglyphidae	1
Aeshnidae	1506
Aetalionidae	13
Aethridae	47
Aetideidae	83
Agaonidae	13
Agathotanaidae	27
Agelendae	1
Agelenidae	1326
Agnostidae	5
Agonoxenidae	7
Agostocarididae	1
Agraulidae	1
Agriolomacidae	2
Agrionidae	5
Agromyzidae	358
Agromyziidae	1
Agyrtidae	84
Aididae	2
Akanthophoreidae	39
Albuneidae	23
Aleyrodidae	790
Algophagidae	1
Alicorhagiidae	1
Alleculidae	12
Allocreadiidae	4
Alloptidae	2
Allopyragraphoridae	1
Alokistocaridae	31
Alpheidae	461
Alucitidae	25
Alvinocarididae	1
Alycidae	6
Alydidae	1750
Amabiliidae	1
Amaurobiidae	437
Amaurobiidae?	1
Ameiridae	2
Ameletidae	258
Ameronothridae	6
Ameroseiidae	8
Ametropodidae	4
Ametroproctidae	2
Ammotheidae	53
Ammotrechidae	178
Ammoxenidae	1
Amorphoscelidae	1
Ampeliscidae	1917
Amphientomidae	3
Amphilochidae	141
Amphinectidae	5
Amphipoda	36
Amphipsocidae	8
Amphisbatidae	2
Amphithoidae	3
Amphizoidae	45
Ampithoidae	273
Ampulicidae	33
Ampullariidae	1
Analgidae	1
Anapidae	13
Anarhichadidae	1
Anarthruridae	7
Anarthuridae	1
Anaxyelidae	1
Ancinidae	33
Ancorabolidae	6
Ancylidae	10
Ancylostomatidae	50
Ancyracanthidae	5
Andrena vidae	1
Andrenidae	16750
Andrognathidae	17
Angiodictylidae	1
Anguillidae	141
Angusticaecidae	1
Anisakidae	9
Anisembiidae	2
Anisogammaridae	62
Anisolabididae	2
Anisopodidae	72
Annulariidae	2
Anobiidae	426
Anomiidae	2
Anomocaridae	1
Anoplocephalidae	8
Anoplogastridae	21
Anostostomatidae	1
Anotopteridae	2
Antarcturidae	2
Antennariidae	25
Antheluridae	2
Anthicidae	1630
Anthicidae?	1
Anthocoridae	670
Anthomyiidae	887
Anthomyzidae	108
Anthophoridae	863
Anthribidae	227
Anthuridae	1083
Antrodiaetidae	84
Anyphaenidae	259
Anystidae	63
Aoridae	1659
Apataniidae	133
Apatelodidae	19
Apaturidae	5
Aphalaridae	316
Aphelaspididae	4
Aphelidesmidae	2
Aphelinidae	697
Aphidae	1
Aphididae	7811
Aphidiidae	9
Aphodiidae	302
Aphodiinae	1
Aphrophoridae	1529
Apidae	34439
Apidea	1
Apidiae	64
Apioceridae	35
Apionacaridae	1
Apionidae	8
Apseudidae	248
Apsilocephalidae	1
Aradidae	723
Araneidae	3405
Araneidae, Thomisidae	1
Archaeobalanidae	54
Archeocrypticidae	86
Archipsocidae	1
Architectonicidae	4
Arctiidae	1247
Arctopsychidae	68
Arcturidae	9
Argasidae	48
Argestidae	9
Argidae	823
Argiopidae	1
Argissidae	85
Argomyzidae	1
Argulidae	11
Argyresthiidae	13
Arietellidae	1
Ariommidae	1
Arionidae	1
Aristaeidae	3
Aristeidae	29
Armadillidae	1647
Armadillidiidae	20
Arrenuridae	15
Arrhopalitidae	34
Artematopodidae	25
Artemiidae	2
Artheneidae	17
Arthrolycosidae	2
Arthropleidae	3
Asaphidae	56
Asaphiscidae	1
Ascalaphidae	31
Ascaridae	1
Ascarididae	46
Ascidae	19
Asellidae	43
Asilidae	1133
Asparagaceae	5
Aspidogastridae	3
Astacidae	3
Asteiidae	83
Asteraceae	3
Asterocheridae	2
Asterolecaniidae	130
Astronesthidae	46
Atelecyclidae	68
Atelestidae	1
Atemnidae	5
Athericidae	7
Atopetholidae	4
Atopomelidae	1
Attelabidae	191
Attidae	1
Aturidae	1
Atyidae	126
Atypidae	13
Augaptilidae	12
Aulacidae	24
Aulacigastridae	26
Autognetidae	1
Autostichidae	9
Avenzoariidae	1
Aviculariidae	1
Axiidae	108
Axymyiidae	2
Azygiidae	6
Bacillaceae	2
Baetidae	2263
Baetiscidae	150
Bairdiidae	168
Balanidae	157
Balistidae	1
Barbouriidae	1
Bateidae	388
Bathycheilidae	48
Bathygadidae	11
Bathylagidae	71
Bathypontiidae	11
Bathypteroidae	22
Bathyuridae	8
Batillariidae	1
Batrachedridae	17
Bdellidae	32
Bdellouridae	1
Bedelliidae	1
Belidae	7
Bellostomatidae	5
Belonidae	1
Belostomatidae	781
Benthesicymidae	94
Bentheuphausiidae	2
Beraeidae	3
Berothidae	9
Berytidae	1388
Bethylidae	428
Betulaceae	2
Beyrichiidae	9
Biantidae	24
Bibionidae	216
Bibonidae	1
Biphyllidae	38
Bithyniidae	1
Bittacidae	57
Blaberidae	42
Blaniulidae	44
Blastobasidae	103
Blattallidae	1
Blattellidae	242
Blattidae	148
Blattisociidae	10
Blenniidae	8
Blennocampinae	1
Blephariceridae	8
Blissidae	873
Bodotriidae	720
Bolboceratidae	60
Bolbomyiidae	2
Bolitophilidae	3
Bolliidae	1
Bombycidae	25
Bombylidae	1
Bombyliidae	409
Boopidae	1
Bopyridae	21
Boreidae	42
Boridae	7
Bosminidae	41
Bostrichidae	463
Bostricidae	1
Bothidae	2
Bothrideridae	33
Bothriocephalidae	1
Bourletiellidae	116
Bovicolidae	3
Bracenidae	1
Brachycentridae	750
Brachyceridae	17
Brachychthoniidae	5
Brachycoeliidae	1
Brachylaimidae	5
Brachypteridae	11
Brachystomatidae	19
Brachystomellidae	43
Braconidae	4821
Bradybaenidae	1
Bradynobaenidae	79
Branchinectidae	21
Branneriidae	1
Brenthidae	1
Brentidae	322
Bresiliidae	1
Bruchidae	62
Buccinidae	10
Bucculatricidae	40
Bucephalidae	1
Bulimulidae	12
Bullidae	1
Buprestidae	1812
Bursidae	1
BUtahhidae	1
Buthidae	241
Byrrhidae	170
Bythocyprididae	2
Bythocytheridae	2
Byturidae	124
Caddidae	4
Caecilidae	1
Caeciliusidae	22
Caeculidae	7
Caenidae	1112
Calamoceratidae	87
Calanidae	781
Calappidae	75
Caleremaeidae	1
Caligidae	21
Caliphoridae	1
Caliscelidae	505
Callianassidae	233
Callianideidae	1
Callionymidae	3
Calliopiidae	53
Calliostomatidae	5
Callipallenidae	57
Calliphorida	1
Calliphoridae	651
Callirhipidae	20
Calocarididae	3
Calocidae	1
Calophyidae	55
Calopterygidae	944
Calymenidae	68
Calyptostomatidae	4
Calyptraeidae	11
Camaenidae	1
Camallanidae	3
Cambalidae	9
Cambaridae	1083
Camisiidae	31
Campodeidae	13
Camptoneuritidae	1
Canacidae	217
Cancridae	419
Cancroidea	3
Candaciidae	4
Candonidae	9
Cantharidae	867
Canthocamptidae	1
Canthyloscelidae	3
Canuellidae	21
Capillaridae	4
Capniidae	3557
Caponiidae	12
Caprellidae	402
Caprellinoididae	8
Capulidae	1
Carabidae	28090
Carabidae 	1
Caraboacaridae	5
Carabodidae	5
Carangidae	2
Carcineretidae	2
Carcinophoridae	9
Carcinosomatidae	1
Cardiidae	14
Carditidae	3
Caridae	2
Carnidae	60
Carpiliidae	4
Carposinidae	13
Carychiidae	6
Caryophyllaeidae	1
Caspiopetalidae	1
Cassidae	5
Catenotaeniidae	1
Catillicephalidae	2
Cebrionidae	7
Cecidomyiidae	264
Cecropidae	1
Cedariidae	1
Centropagidae	253
Centrorhynchidae	4
Cephaloidae	2
Cephidae	191
Cerambycidae	3208
Ceraphrodidae	17
Ceraphronidae	190
Ceratapogonidae	65
Ceratiidae	39
Ceratiocarididae	1
Ceratocombidae	42
Ceratocumatidae	6
Ceratolasmatidae	14
Ceratophyllida	1
Ceratophyllidae	113
Ceratopogonidae	588
Ceratopongidae	1
Ceratoppiidae	11
Ceratopsyche	2
Ceratozetidae	32
Cercopidae	848
Cercropidae	1
Cerithiidae	4
Cerococcidae	25
Cerophytidae	4
Certatopogonidae	2
Cerviniidae	14
Cerylonidae	138
Cetomimidae	28
Cetoniidae	130
Chactidae	5
Chaetiliidae	149
Chaetodactylidae	2
Chaetodontidae	4
Chalcidae	2
Chalcididae	464
Chamaemyiidae	175
Chamidae	3
Chamobatidae	15
Chaoboridae	192
Chaodoridae	1
Charipidae	25
Charopidae	1
Chasmocarcinidae	4
Chauliodontidae	44
Cheilocephalidae	1
Cheiragonidae	483
Cheiridiidae	1
Cheirocratidae	1
Cheiruridae	24
Cheliferidae	62
Chelisochidae	2
Chelodesmidae	10
Chelonariidae	20
Chelonibiidae	2
Chernetidae	61
Cheyletidae	5
Chilenophilidae	1
Chilomastigidae	1
Chimabachidae	1
Chirocephalidae	5
Chiromyidae	2
Chironomidae	1751
Chirostylidae	7
Chloroperlidae	922
Chloropidae	722
Choctellidae	1
Chondracanthidae	35
Choreutidae	40
Chortoglyphidae	1
Chrionomidae	1
Chrysididae	751
Chrysolmelidae	1
Chrysomelidae	3854
Chrysomelidae:Bruchinae	1
Chrysomellidae	1
Chrysopidae	528
Chthamalidae	18
Chthoniidae	33
Chydoridae	124
Chyphotidae	14
Chyromyidae	108
Chyrsomelidae	3
Cicadellidae	11179
Cicadidae	5765
Cicindelidae	35
Cicodellidae	3
Ciidae	349
Cimbicidae	346
Cimicidae	181
Cirolanidae	242
Cixiidae	1594
Cixiidae, Achilidae	1
Cladonychiidae	9
Clambidae	112
Clariidae	2
Clastopteridae	1293
Clausidiidae	3
Clausocalanidae	540
Cleidogonidae	78
Cleriae	1
Cleridae	1134
Cletodidae	8
Clinidae	2
Clinostomatidae	5
Cloacaridae	4
Clubionidae	684
Clusiidae	96
Coccidae	732
Coccinellidae	3121
Coccinellidae, Chrysomelidae	1
Coccoideae	1
Cochlicopidae	2
Cochylidae	6
Coelopidae	45
Coenagrionidae	3291
Coenobitidae	34
Coleophoridae	199
Coleoptera	11
Colletidae	8268
Colletteidae	39
Colomastigidae	36
Colossendeidae	18
Columbellidae	5
Colydiidae	87
Conchaspididae	3
Condylopygidae	2
Conidae	24
Coniopterygidae	59
Conipterygidae	1
Conocoryphidae	1
Conopidae	139
Conotylidae	8
Copromorphidae	3
Corallanidae	17
Coralliophilidae	1
Corbiculidae	29
Cordulegastridae	169
Corduliidae	497
Cordullidae	175
Coreidae	4129
Corethrellidae	4
Corimelaenidae	205
Corinnidae	667
Corinnidae?	2
Corixidae	1873
Corixiidae	1
Coronulidae	2
Corophiidae	1224
Corydalidae	464
Corydiidae	26
Corylophidae	248
Cosmetidae	110
Cosmocercidae	2
Cosmochthoniidae	1
Cosmopterigidae	98
Cossidae	126
Crabronidae	4146
Crambidae	792
Crangonidae	551
Crangonyctidae	5
Craspedosomatidae	1
Crossotonotidae	1
Crotoniidae	4
Crustacea	916
Cruziidae	1
Cryptocercidae	23
Cryptochetidae	1
Cryptochiridae	3
Cryptocopidae	1
Cryptodesmidae	7
Cryptogonimidae	4
Cryptoniscidae	32
Cryptophagidae	361
Cryptopidae	23
Ctenidae	26
Ctenizidae	57
Ctenizidae?	1
Ctenophthalmidae	18
Ctenuchidae	2
Cucujidae	106
Cuculionidae	1
Cucullanidae	1
Culicidae	1383
Cunaxidae	11
Cupedidae	86
Curaliidae	4
Curculionidae	10851
Curculionidae:Scolytinae	1
Curtonotidae	3
Cuspidariidae	1
CUtaherebridae	1
Cuterebridae	3
Cyamidae	1
Cyathocephalidae	1
Cyathostomidae	4
Cybaeidae	283
Cyclocoelidae	10
Cyclodorippidae	13
Cyclopidae	151
Cyclopinidae	2
Cyclopygidae	1
Cydnidae	1046
Cylichnidae	1
Cylindroleberididae	549
Cylindropsyllidae	12
Cylindrotomidae	7
Cymbaeremaeidae	11
Cymidae	644
Cymopoliidae	3
Cymothoidae	7
Cynidae	2
Cynipidae	772
Cyphocarididae	7
Cypraeidae	9
Cyprididae	312
Cypridinidae	98
Cypridopsidae	1
Cyproideidae	3
Cyrtaucheniidae	15
Cyrtodesmidae	2
Cytherellidae	2
Cytheridae	8
Cytherideidae	82
Cytheromatidae	41
Cytheruridae	2
Cytodytidae	3
Cyzicidae	6
Dactylogyridae	2
Dactylopiidae	51
Dairellidae	1
Dairidae	12
Dairoididae	8
Dakoticancridae	3
Dalceridae	12
Dalmanitidae	4
Damaeidae	18
Danaidae	12
Danidae	1
Daphnidae	2
Daphniidae	175
Daraineidae	1
Darcythompsoniidae	1
Darwinulidae	24
Dascillidae	42
Davaineidae	8
Deinopidae	2
Delphacidae	3575
Deltocephalidae	4
Dendrotionidae	1
Dentaliidae	1
Depressariidae	3
Derbidae	714
Dermanyssidae	35
Dermestidae	719
Derodontidae	114
Desidae	6
Desmosomatidae	25
Deuterophlebiidae	1
Dexaminidae	68
Diadocidiidae	3
Diagnothodontidae	3
Diaphanidae	1
Diaphanocephalidae	3
Diaphanometopidae	1
Diapheromeridae	104
Diapriidae	423
Diaptomidae	91
Diaspididae	2565
Diastatidae	39
Diastylidae	798
Dibothriocephalidae	1
Dicrocoeliidae	12
Dictynidae	1605
Dictynidae?	1
Dictyopharidae	1547
Dicyrtomidae	68
Digamasellidae	22
Diguetidae	37
Dikelocephalidae	8
Dilaridae	1
Dilepididae	16
Dimeropygidae	2
Dinesidae	1
Dinidoridae	8
Dinychidae	6
Dioctophymatidae	5
Dioecocestidae	1
Diogenidae	377
Dionididae	3
Diopsidae	5
Diosaccidae	14
Diospilini	1
Dipetalonematidae	11
Diphyllobothridae	2
Diphyllostomatidae	3
Diplagnostidae	2
Diplepididae	4
Diplocentridae	18
Diplodiscidae	2
Diplostomatidae	17
Diplotrianeidae	2
Dipluridae	21
Diprionidae	473
Dipseudopsidae	169
Dipsocoridae	5
Diptera	4
Dipylidiidae	1
Dirivultidae	17
Discidae	19
Discocotylidae	2
Discolomidae	1
Ditaxineuridae	1
Ditomyiidae	6
Dixidae	73
Dixiidae	1
Dogielinotidae	2
Dokimocephalidae	13
Dolichometopidae	6
Dolichopidae	4
Dolichopodidae	1247
Dolichopsyllidae	2
Dolichopteridae	7
Dolochopodidae	1
Domeciidae	13
Donacidae	2
Dorippidae	7
Dorypygidae	3
Douglasiidae	6
Dracanculidae	1
Drassidae	1
Drepanellidae	4
Drepanidae	243
Dressenidae	1
Dromiidae	70
Drosophilidae	744
Dryinidae	163
Dryobidae	1
Dryomyzidae	69
Dryophthoridae	109
Dryopidae	683
Dulichiidae	3
Dynastidae	106
Dynomenidae	9
Dysderidae	265
Dytiscidae	3863
Dytisidae	1
E	1
Ecbathyriontidae	1
Echeneididae	20
Echinocarididae	8
Echinorhynchidae	1
Echinostomatidae	9
Ecnomidae	4
Ectinosomatidae	27
Ectobiidae	23
Ectopsocidae	2
Eimeriidae	1
Elachistidae	197
Elasmidae	4
Elateriae	1
Elateridae	3832
Elateroidea	1
Elenchidae	8
Eleotrididae	9
Elipsocidae	1
Ellipsocephaloididae	7
Ellobiidae	4
Elmidae	1438
Elmoidae	1
Elviniidae	26
Elytroneuridae	1
Embolemidae	4
Empidae	1
Empididae	546
Enchytraeidae	4
Encrinuridae	76
Encyrtidae	1091
Endamoebidae	1
Endecatomidae	11
Endeididae	5
Endomychidae	352
Eneopteridae	1
Engraulididae	19
Enicocephalidae	34
Eniochthoniidae	1
Enoplometopidae	1
Entocytheridae	2
Entomaspididae	1
Entomobryidae	681
Entomozoidae	1
Eodiscidae	1
Epermeniidae	12
Ephemerellidae	1096
Ephemeridae	968
Ephippididae	9
Ephydridae	404
Epialtidae	202
Epidermoptidae	9
Epimeriidae	4
Epimetopidae	1
Epiplemidae	3
Epipsocidae	3
Epipygidae	1
Epipyropidae	4
Epitoniidae	5
Erebidae	1953
Erebonasteridae	5
Eremaeidae	21
Eremobatidae	1352
Ereynetidae	13
Ergasilidae	14
Erigonidae	5
Eriococcidae	219
Eriocottidae	1
Eriocraniidae	16
Eriophyidae	4
Eriopisidae	2
Eriphiidae	31
Erirhinidae	57
Erotylidae	335
Erymidae	2
Erythraeidae	81
Ethmiidae	7
Ethusidae	7
Eucaenidae	1
Eucalanidae	397
Euchaetidae	65
Eucharitidae	58
Eucinetidae	95
Eucnemidae	163
Eucoilidae	21
Eucopiidae	21
Eucotylidae	3
Eucytheridae	2
Euglenidae	1
Eugonatonotidae	4
Eukoeneniidae	3
Eulichadidae	1
Eulimidae	1
Eulophidae	1222
Eumastacidae	6
Eumenidae	543
Eumunididae	2
Eupelmidae	279
Euphausiidae	1453
Euphthiracaridae	3
Eupodidae	28
Eurycercidae	9
Eurymerodesmidae	6
Euryplacidae	35
Eurypteridae	9
Eurysquillidae	1
Eurytomidae	1696
Euryuridae	79
Eusiridae	140
Euteliidae	7
Euterpinidae	1
Eutichuridae	15
Evaniidae	121
Expanathuridae	2
Eylaidae	4
Fabaceae	3
Fallotaspididae	1
Fanniidae	243
Fasciolariidae	7
Fasciolidae	2
Fellodistomatidae	1
Ficidae	2
Figitidae	313
Filariidae	6
Filaroididae	10
Filistatidae	78
Fissurellidae	8
Flatidae	1333
Floridobolidae	1
Forficulidae	72
Formica	1
Formicidae	20081
Freyanidae	2
Fuhrmannodesmidae	2
Fulgoridae	359
Fungivoridae	1
Gabuciniidae	2
Gadiformes	6
Gagrellidae	15
Galacticidae	2
Galatheidae	108
Galeorhinidae	2
Galumnidae	11
Gammarellidae	6
Gammaridae	526
Garypidae	3
Gasteruptiidae	138
Gastrerophilidae	1
Gastrocotylidae	2
Gecarcinidae	60
Gelastocoridae	554
Gelechidae	2
Gelechiidae	368
Geocoridae	1198
Geometridae	2145
Geomyzidae	1
Geophilidae	18
Geophilomorpha	1
Georyssidae	2
Geotrupidae	536
Gerridae	1541
Geryonidae	34
Gigantorhynchidae	5
Glaphyridae	12
Glaresidae	99
Glomeridae	5
Glomeridesmidae	2
Glossosomatidae	1010
Glycyphagidae	4
Glyphidoceridae	6
Glyphipterigidae	19
Glyphocrangonidae	73
Glyptograpsidae	14
Gnaphosidae	2510
Gnaphosidae?	4
Gnaphosiidae	2
Gnathiidae	49
Gnathophyllidae	16
Gnathostenetroidae	5
Gnathostomatidae	4
Gobiesocidae	6
Gobiidae	6
Goeridae	108
Goeziidae	1
Gomphidae	1105
Goneplacidae	62
Gonodactylidae	58
Gorgoderidae	4
Gracillariidae	249
Grammistidae	5
Grapsidae	143
Gryllacrididae	25
Gryllidae	1245
Grylloblattidae	15
Gryllotalpidae	111
Gustaviidae	2
Gymnodamaeidae	11
Gyrinidae	839
Gyropidae	3
Habronematidae	2
Hadziidae	60
Haematopinidae	3
Hahniidae	494
Halacaridae	19
Halarachinidae	1
Halicidae	1
Halictidae	18648
Halictus	1
Halimococcidae	2
Haliotididae	5
Haliplidae	781
Halocyprididae	34
Haminoeidae	2
Hammatocnemidae	5
Hapalocarcinidae	1
Haplobothriidae	1
Haplochthoniidae	1
Haplomunnidae	3
Haplonematidae	1
Haploniscidae	6
Haplotrematidae	3
Haplozetidae	17
Harpacticidae	46
Harpetidae	13
Harpidae	2
Harpididae	2
Harpyrhynchidae	2
Hasstilesiidae	2
Hastagnostidae	1
Haustoriidae	353
Hebridae	144
Hectopsyllidae	11
Heleomyzidae	251
Helicarionidae	11
Helicidae	3
Helicinidae	9
Helicodiscidae	12
Helicophidae	52
Helicopsychidae	557
Heliodinidae	24
Heliozelidae	38
Helminthoglyptidae	1
Helomyzidae	4
Helophoridae	119
Heloridae	9
Hemerobiidae	409
Hemicytheridae	216
Hemiptera	6
Hemisarcoptidae	1
Hemisquillidae	7
Hemiuridae	5
Henicopidae	19
Hepialidae	123
Heptageniidae	2918
Hermanniellidae	2
Hermanniidae	4
Hermatobatidae	1
Heronimidae	3
Herpyllobiidae	1
Hersiliidae	9
Hesperiidae	7325
Hesperinidae	4
Heterakidae	5
Heteroceridae	262
Heterocheilidae	2
Heterochoilidae	7
Heterogastridae	28
Heteromyzidae	6
Heteronemiidae	27
Heterononomiidae	1
Heterophyidae	8
Heteroptera	1
Heterorhabdidae	49
Heterothripidae	7
Hexamitidae	1
Hexathelidae	1
Hilarimorphidae	6
Himantariidae	1
Hippidae	46
Hippoboscidae	44
Hippolytidae	462
Hipponicidae	2
Hirudisomatidae	2
Hirudosomatidae	1
Histeridae	1243
Histeridae 	25
Histiostomatidae	4
Hodotermitidae	1
Holistophallidae	5
Holmiidae	5
Holocentridae	1
Holognathidae	12
Holopediidae	2
Homalonychidae	12
Homolidae	6
Homolodromiidae	1
Homotomidae	2
Hoplopleuridae	8
Hubbardiidae	4
Humerobatidae	39
Huntemanniidae	13
Hutchinsoniellidae	15
Hyadesiidae	1
Hyalellidae	81
Hyalidae	35
Hyblaeidae	1
Hybosoridae	269
Hybotidae	208
Hydatinidae	1
Hydrachnidae	5
Hydraenidae	185
Hydridae	2
Hydrobiidae	43
Hydrobiosidae	48
Hydrochidae	118
Hydrometridae	183
Hydrophilidae	2889
Hydropsychidae	3806
Hydroptilidae	1221
Hydroscaphidae	14
Hydrozetidae	2
Hydryphantidae	6
Hygrobatidae	2
Hymenolepididae	8
Hymenopodidae	1
Hymenoptera	6
Hyperiidae	437
Hypochilidae	176
Hypochthoniidae	2
Hypoderidae	11
Hypogastruridae	458
Hyponeoidae	1
Hyssuridae	365
Hystrichopsyllidae	37
Ibaliidae	28
Ichneumonidae	2775
Ichneumonidae, Bruniaceae	3
Ichnuemonidae	3
Idiacanthidae	11
Idoteidae	852
Iguanidae	1
Ilyocryptidae	28
Ilyocyprididae	215
Inachidae	79
Inachoididae	43
incertae sedis	1
Incurvariidae	32
Ingolfiellidae	15
Iphimediidae	14
Isaeidae	875
Ischnochitonidae	12
Ischnomesidae	3
Ischnopsyllidae	3
Ischryopsalididae	20
Ischyroceridae	675
Ischyropsalididae	62
Ismaridae	3
Isochilinidae	2
Isognomonidae	2
Isonychidae	3
Isonychiidae	568
Isotomidae	620
Issidae	738
Ithonidae	3
Ithyceridae	3
Iuridae	217
Ixodidae	908
Janirellidae	4
Janiridae	137
Japygidae	9
Jineidae	1
Joeropsididae	31
Joppeicidae	1
Judomiidae	1
Julidae	106
Kalliapseudidae	371
Kalotermitidae	69
Kateretidae	69
Kathlaniidae	3
Katiannidae	207
Kermesidae	103
Keroplatidae	42
Kerriidae	15
Kingstoniidae	1
Kinnaridae	48
Kloedenellidae	19
Kloedeniidae	11
Knemidokoptidae	2
Knoxitidae	1
Krithidae	4
Kuhliidae	1
Kuwaniidae	10
Kyphosidae	1
Labidaphohidae	1
Labiduridae	10
Labiidae	4
Labridae	4
Lachesillidae	5
Lacistorhynchidae	2
Lacturidae	3
Laelapidae	35
Laemobothriidae	1
Laemophloeidae	133
Lafystiidae	2
Lamellariidae	2
Lampritrematidae	1
Lampropidae	95
Lampyridae	548
Lanceolidae	3
Languriidae	115
Laomediidae	1
Laophontidae	3
Larcidae	2
Largidae	414
Larridae	5
Lasaeidae	3
Lasiocampidae	448
Lasiochilidae	64
Lathridiidae	38
Latreilliidae	10
Latridiidae	748
Latridiidae?	1
Lauxaniidae	397
Lebertiidae	5
Lecanodiaspididae	38
Lecithodendriidae	4
Leiodidae	712
Lepadidae	9
Leperditiidae	44
Lepidomysidae	5
Lepidopsocidae	23
Lepidoptera	83
Lepidostomatidae	681
Lepismatidae	23
Lepocreadiidae	3
Leptanthuridae	52
Leptastacidae	1
Leptestheriidae	2
Leptoceridae	2358
Leptocheliidae	888
Leptocytheridae	212
Leptodoridae	3
Leptognathiidae	45
Leptohyphidae	341
Leptonetidae	8
Leptophlebiidae	931
Leptopodidae	6
Leptopontiidae	1
Leptopsyllidae	16
Lernaeidae	1
Lernaeopodidae	6
Lestidae	724
Lestremiidae	8
Leucochloridlidae	3
Leuconidae	1074
Leucosiidae	139
Leucospidae	61
Leucospididae	2
Leucothoidae	124
Leuctridae	704
Liacaridae	8
Libelluidae	2
Libellulidae	2980
Libelluloidae	1
Libytheidae	22
Lichakephalidae	22
Lichen	1
Liebstadiidae	12
Ligiidae	24
Liljeborgiidae	530
Limacidae	2
Limacodidae	121
Limnadiidae	5
Limnephilidae	2770
Limnesiidae	9
Limnichidae	99
Limnichilidae	1
Limnocytheridae	4
Limnoriidae	31
Limoniidae	357
Limulidae	23
Linognathidae	2
Linotaeniidae	29
Linyphiidae	3137
Liochelidae	1
Liocranidae	167
Liopropomatidae	2
Liotheidae	2
Liparidae	1
Lipogenyidae	2
Liposcelididae	6
Listrophoridae	3
Lithobiidae	137
Lithobiomorpha	1
Lithodidae	1070
Littorinidae	15
Liviidae	88
Llinyphiidae	1
Locustidae	5
Lomoidae	2
Lonchaeidae	113
Lonchopteridae	96
Longipediidae	2
Longusorbiidae	1
Lophogastridae	53
Lophoproctidae	3
Lotidae	60
Lottiidae	7
Loxoconchidae	215
Lubbockiidae	10
Lucanidae	201
Lucicutiidae	4
Luciferidae	22
Lucinidae	4
Lumbricidae	6
Lutjanidae	5
Lutrochidae	105
Lycaeidae	3
Lycaenidae	7922
Lycidae	343
Lycosidae	4594
Lyctidae	2
Lyctocoridae	44
Lygacidae	1
Lygaeidae	5436
Lygistorrhinidae	1
Lymantiidae	1
Lymantridae	3
Lymantriidae	182
Lymexylidae	4
Lymexylonidae	2
Lymnaeidae	90
Lynceidae	2
LyniphiIdae	1
Lyonetiidae	29
Lyonsiidae	2
Lysianassidae	659
Lysianassidea	1
Lysiosquillidae	5
Machalidae	1
Machilidae	50
Macracanthorhynchidae	2
Macrobiotidae	2
Macrochelidae	11
Macrocyprididae	1
Macroderidae	1
Macromiidae	11
Macronyssidae	3
Macrosternodesmidae	3
Macrostylidae	2
Macrothricidae	56
Macrouridaex	1
Macroveliidae	95
Macrurocyttidae	1
Mactridae	6
Maeridae	15
Majidae	228
Malachiidae	1
Malaconothridae	4
Malacosteidae	103
Malicaidae	1
Mantidae	216
Mantispidae	91
Mantoididae	9
Margaritiferidae	1
Margarodidae	19
Masaridae	94
Matsucoccidae	30
Mauroniscidae	2
Mecicobothriidae	56
Mecistocephalidae	1
Megacalanidae	1
Megachildae	1
Megachilidae	19158
Megalopodidae	12
Megalopygidae	93
Megaluropidae	91
Megapontiidae	2
Megaspilidae	142
Megeremaeidae	3
Megisthanidae	1
Meinertellidae	11
Melamphaidae	114
Melandryidae	545
Melanostomiidae	113
Melitidae	1046
Melittidae	733
Mellitidae	1
Mellyridae	1
Meloidae	2717
Meloidae?	1
Melolonthidae	148
Melondryidae	1
Melongenidae	10
Melphidippidae	63
Melyridae	752
Melyrridae	1
Membracidae	8446
Menippidae	41
Menomoniidae	13
Menoponidae	7
Mermithidae	1
Meropeidae	33
Mesocestoidae	1
Mesocestoididae	34
Mesopsocidae	7
Mesoveliidae	258
Messicobolidae	1
Metapseudidae	169
Methochidae	2
Metidae	5
Metretopodidae	79
Metridinidae	365
Microbothriidae	1
Microcerberidae	2
Microcotylidae	2
Microdispidae	9
Microgyniidae	3
Microlympiidae	1
Micromalthidae	9
Micronectidae	7
Microparasellidae	20
Micropezidae	89
Microphallidae	3
Microphoridae	1
Microphysidae	9
Micropterigidae	14
Microtrombidiidae	6
Micryphantidae	3
Mideidae	1
Mideopsidae	6
Milacidae	1
Milichiidae	118
Mimallonidae	7
Mimetidae	143
Miridae	23774
Mithracidae	132
Mitridae	4
Miturgidae	193
Mobulidae	2
Mochlozetidae	4
Modulidae	1
Mogoplistidae	67
Moinidae	92
Molanna	1
Molannidae	310
Momphidae	58
Monacanthidae	1
Moniliformidae	2
Monocotylidae	1
Monomachidae	1
Monommatidae	2
Monophlebidae	42
Monorchiidae	2
Monotom	1
Monotomidae	318
Monstrillidae	2
Mopaliidae	10
Mordelidae	3
Mordellidae	1196
Mormonillidae	16
Mrylianidae	1
Mugilidae	28
Munididae	7
Munidopsidae	14
Munnidae	81
Munnopsidae	42
Muricidae	42
Muscidae	1141
MUtahillidae	8
Mutilidae	1
Mutillidae	3850
Mycetophagidae	381
Mycetophilidae	518
Mycobacteriaceae	1
Mycteridae	70
Myctophidae	1
Mydaidae	1
Mydidae	33
Mymaridae	239
Myocoptidae	2
Myopsocidae	1
Myrmecophilidae	36
Myrmeleontidae	242
Myrmeliontidae	1
Myrmeloentidae	2
Myrmelontidae	1
Myrmosidae	4
Mysidae	849
Mysmenidae	31
Mythicomyiidae	2
Mytilicolidae	1
Mytilidae	7
Myxinidae	1
Nabidae	2196
Nanhermanniidae	1
Nannastacidae	762
Nannoniscidae	3
Nannosquillidae	3
Nanophyidae	3
Nanorchestidae	4
Narkidae	11
Nassariidae	6
Nasseriidae	1
Naticidae	11
Naucoridae	283
Neanuridae	338
Nearctodesmidae	3
Nebaliidae	79
Neelidae	62
Nemasomatidae	15
Nemastomatidae	129
Nematinae	1
Nematocarcinidae	68
Nematocera	1
Nemesiidae	19
Nemestrinidae	7
Nemonychidae	26
Nemouridae	1725
Neobisiidae	189
Neocytherideididae	211
Neoechinorhynchidae	2
Neoephemeridae	9
Neogoveidae	14
Neoliodidae	1
Neomegamphopidae	124
Neophyllobiidae	2
Neoscopelidae	4
Neotanaidae	73
Nephilidae	109
Nephropidae	4627
Nepidae	353
Nepticulidae	51
Neritidae	4
Nesticidae	44
Nevadiidae	2
Ninidae	34
Nitidulidae	1252
Noctuiclae	1
Noctuidae	5797
Nogodinidae	39
Nolidae	50
Nomadidae	19
Normanellidae	1
Nosodendridae	36
Noteridae	97
Nothridae	12
Notocotylidae	3
Notodontidae	881
Notodromadidae	3
Notonectidae	1125
Nototanaidae	8
Nudacotylidae	1
Nuuanuidae	2
Nycteribiidae	14
Nymphalidae	13496
Nymphomyiidae	1
Nymphonidae	35
Ochetosomatidae	1
Ochlesidae	3
Ochodaeidae	292
Ochteridae	74
Ochyroceratidae	3
Ocypodidae	156
Odiniidae	8
Odonata	2
Odontellidae	126
Odontoceridae	152
Odontopleuridae	8
Oecanthidae	426
Oecetis	1
Oechophoridae	1
Oecobiidae	41
Oecophoridae	339
Oedemeridae	814
Oedicerotidae	872
Oestridae	34
Ogygopsidae	1
Ogyrididae	117
Oithonidae	226
Olenidae	7
Olethreutidae	3
Oligacanthorhynchidae	28
Oligoneuriidae	10
Oligotomidae	1
Olividae	8
Ologamasidae	5
Olpiidae	2
Omethidae	19
Omosudidae	13
Oncaeidae	60
Onchobothriidae	1
Onchocercidae	11
Oncobothriidae	1
Oncopoduridae	25
Oniscidae	7
Onychiuridae	310
Oonopidae	186
Ophidiiformes	2
Ophryoxidae	1
Opisidae	14
Opisthorchiidae	2
Oplophoridae	254
Opomyzidae	67
Opostegidae	10
Oppiidae	11
Orchipedidae	3
Oregoniidae	1746
Oreogetonidae	1
Oreohelicidae	2
Oribatellidae	11
Oribatidae	1
Oribatulidae	23
Oribotritiidae	2
Oripodidae	3
Ormyridae	72
Orsodacnidae	38
Orsolobidae	1
Ortheziidae	71
Orthoptera	28
Orussidae	59
Oryctocephalidae	1
Oryidae	2
Ostomatidae	10
Ostraciidae	9
Ostracoda	5
Ostreidae	5
Otitidae	33
Otobothriidae	2
Oxaeidae	29
Oxidae	2
Oxycarenidae	139
Oxydesmidae	183
Oxyopidae	426
Oxyuridae	14
Oziidae	17
Pachybolidae	1
Pachydomellidae	1
Pachygronthidae	839
Pachylaelapidae	2
Paeromopodidae	2
Pagodiidae	1
Pagurapseudidae	68
Paguridae	1869
Palaemonidae	591
Palaeocarididae	1
Palaeopalaemonidae	1
Palicidae	4
Palingeniidae	79
Palinuridae	93
Pallopteridae	19
Pamphilidae	216
Pamphiliidae	84
Pandalidae	839
Pandaridae	3
Pandoridae	1
Panopeidae	428
Panorpidae	150
Panorpodidae	18
Pantheidae	102
Papilionidae	4079
Papyriaspididae	2
Paracalanidae	14
Paradoxididae	7
Paradoxosomatidae	259
Paragonimidae	1
Paraiulidae	7
Parajulidae	158
Parakalummidae	9
Paralepididae	148
Paramesochridae	2
Paramphistomatidae	7
Paramunnidae	191
Paranebaliidae	78
Paranonychidae	282
Paranthuridae	80
Parapaguridae	24
Parapseudidae	151
Parasitidae	58
Parasquillidae	2
Paratanaidae	60
Paratropididae	2
Parattidae	1
Pardaliscidae	9
Pariambidae	493
Paronellidae	8
Parthenopidae	110
Pasiphaeidae	315
Passalidae	272
Passandridae	31
Patellidae	1
Pectinidae	17
Pediciidae	33
Pediculidae	4
Pelecinidae	119
Peloppiidae	4
Peltidiidae	5
Peltogastridae	2
Peltoperlidae	125
Pemphredonidae	1
Penaeidae	426
Pennellidae	6
Pentatomidae	12206
Penthaleidae	2
Penthalodidae	5
Pentostomidae	1
Perciformes	6
Percnidae	8
Pergidae	281
Perilampidae	245
Periplomatidae	1
Peripsocidae	2
Periscelididae	18
Perlidae	2249
Perlodidae	1894
Perlolidae	1
Peronopsidae	2
Perothopidae	2
Personidae	1
Petaluridae	20
Petricolidae	2
Phacopidae	13
Phacopteronidae	1
Phaennidae	23
Phalacriade	1
Phalacridae	294
Phalacromidae	6
Phalaenidae	1
Phalangiidae	235
Phalangodidae	265
Pharidae	1
Phasmatidae	20
Phasmidae	1
Phengodidae	148
Phenopelopidae	22
Phigonematidae	1
Philanthidae	4
Phillipsiidae	85
Philodromidae	1590
Philodromidae?	4
Philomedidae	406
Philometridae	1
Philophthalmidae	2
Philopotamidae	1307
Philopteridae	10
Philosciidae	6
Philotarsidae	1
Phlaeothripidae	199
Phliantidae	16
Phoenicococcidae	13
Pholadidae	1
Pholcidae	653
Pholididae	49
Phoridae	649
Photichthyidae	46
Photidae	1
Photinus Pyralis	8
Phoxichilidiidae	69
Phoxocephalidae	966
Phronimidae	7
Phrosinidae	32
Phrurolithidae	225
Phryganeidae	818
Phrynidae	8
Phthiracaridae	8
Phthiraptera	1
Phthiridae	1
Phtisicidae	95
Phyllobothridae	1
Phylloxeridae	28
Phymanthidae	1
Phymatidae	35
Physalopteridae	42
Physidae	198
Phytoseiidae	27
Pieridae	7607
Piesmatidae	245
Pilekiidae	2
Pilumnidae	90
Pimoidae	48
Pinnidae	1
Pinnotheridae	496
Pionidae	21
Piophilidae	81
Pipunculidae	205
Pisauridae	262
Pisidiidae	14
Pityococcidae	10
Plagiorchiidae	16
Plagusiidae	12
Planorbidae	130
Plasmodiidae	2
Plataspidae	2
Plataspididae	16
Platydesmidae	13
Platygasteridae	1
Platygastridae	852
Platyischnopidae	165
Platypezidae	39
Platyscelidae	2
Platystomatidae	80
Pleciidae	2
Plecoptera	22
Plectreuridae	14
Pleidae	68
Pleocomidae	72
Pleorchiidae	2
Pleotomus pallens	13
Plethopeltidae	1
Pleuroceridae	10
Pleurocopidae	6
Pleuronectiformes	8
Pleustidae	143
Plicatulidae	2
Pliomeridae	5
Plutellidae	100
Pneumospiruridae	4
Podapolipidae	10
Podoceridae	184
Podonidae	31
Podoscirtidae	2
Poduridae	46
Poecilasmatidae	40
Pollicipedidae	4
Polybiidae	83
Polycentropodidae	1378
Polychelidae	52
Polycopidae	2
Polydesmidae	200
Polygyridae	64
Polymitarcidae	1
Polymitarcyidae	163
Polymorphidae	6
Polyodontidae	7
Polyphagidae	169
Polyphemidae	8
Polyplacidae	1
Polystoechotidae	4
Polystomatidae	2
Polyxenidae	26
Polyzoniidae	17
Pomacentridae	1
Pomadasyidae	2
Pomilidae	1
Pomphorhynchidae	2
Pompilidae	1501
Pompillidae	1
Pomplilidae	1
Pontellidae	49
Pontocyprididae	24
Pontogeneiidae	1
Pontoporeiidae	65
Porcellanidae	253
Porcellidiidae	1
Porcellionidae	59
Portunidae	690
Posthogonimidae	4
Posthorhynchidae	1
Potamanthidae	230
Potamididae	2
Poteriidae	1
Priacanthidae	6
Primitiidae	1
Procarididae	1
Processidae	225
Procotrupidae	1
Proctophyllodidae	10
Proctotrupidae	231
Prodidomidae	1
Prodoxidae	53
Proetidae	7
Progeryonidae	1
Prokoeneniidae	2
Pronocephalidae	2
Prophalangopsidae	1
Prosogonotrematidae	3
Prosthogonimidae	3
Prostomidae	8
Protellidae	105
Proteocephalidae	4
Protoglomeridae	2
Protolophidae	11
Protoneuridae	3
Protoribatidae	2
Protoschizomidae	1
Protostrongylidae	3
Psammobiidae	4
Pselaphidae	13
Psephenidae	376
Pseudagnostidae	1
Pseudaliidae	9
Pseudironidae	14
Pseudocaeciliidae	2
Pseudococcidae	1152
Pseudocumatidae	13
Pseudodiaptomidae	2
Pseudogarypidae	1
Pseudomelatomidae	2
Pseudophasmatidae	9
Pseudorhombilidae	14
Pseudosquillidae	9
Pseudostigmatidae	4
Pseudotachidiidae	10
Pseudotanaidae	19
Pseudothelphusidae	111
Psilidae	91
Psilostomatidae	4
Psocidae	57
Psoidae	1
Psoquillidae	1
Psoralgidae	1
Psoroptidae	3
Psoroptoididae	1
Psychidae	74
Psychodidae	153
Psychomyiidae	560
Psyllidae	537
Psyllipsocidae	3
Psyrphidae	1
Pteriidae	1
Pterocephaliidae	10
Pterolichidae	1
Pteromalidae	747
Pteronarcyidae	511
Pteronarcyoidea	1
Pteronyssidae	3
Pterophoridae	208
Pterygometopidae	13
Pterygotidae	7
Pthiridae	2
Ptilidae	2
Ptiliidae	442
Ptilodactylidae	210
Ptinidae	143
Ptychagnostidae	1
Ptychaspididae	1
Ptychopariidae	44
Ptychopteridae	43
Ptyssalgidae	1
Pulicidae	45
Punctidae	10
Punctoribatidae	21
Pupillidae	31
Putoidae	68
Pycnogonidae	8
Pyemotidae	1
Pygmephoridae	2
Pygrotidae	1
Pylochelidae	1
Pyralidae	502
Pyramidellidae	1
Pyrgodesmidae	12
Pyrgotidae	42
Pyrochroidae	219
Pyroehroidae	1
Pyroglyphidae	5
Pyropyga minuta	1
Pyrrhocoridae	262
Pysillidae	1
Pythidae	23
Quadroppiidae	8
Quasillitidae	5
Racomidae	1
Ranellidae	1
Raninidae	75
Ranunculaceae	1
Raphidiidae	88
Raphiidae	1
Raphiophoridae	3
Raymondinidae	1
Raymondionymidae	3
Reduviidae	10015
Remopleurididae	1
Retroplumidae	5
Rhabdiasidae	3
Rhachodesmidae	18
Rhadalidae	1
Rhadinorhynchidae	4
Rhagidiidae	23
Rhagionidae	287
Rhaphidiidae	10
Rhaphidophoridae	445
Rhincalanidae	2
Rhinocarididae	3
Rhinocricidae	10
Rhinophoridae	7
Rhinotermitidae	157
Rhipiceridae	69
Rhipiphoridae	177
Rhizophagidae	14
Rhizothricidae	1
Rhomboentomozoidae	1
Rhopaliasidae	1
Rhopalidae	3722
Rhopalopsyllidae	1
Rhopalosomatidae	15
Rhyacophilidae	1288
Rhynchitidae	103
Rhyparochromidae	3623
Rhysodidae	111
Ricaniidae	1
Richardiidae	6
Ricinoididae	15
Rictulariidae	11
Riodinidae	325
Romaleidae	351
Romalidae	1
Roproniidae	17
Rosaceae	1
Rosensteiniidae	1
Rutelidae	117
Rutidermatidae	343
Sabaconidae	77
Sabelliphilidae	1
Sacculinidae	16
Sagdidae	1
Saldidae	1235
Salpingidae	173
Salticidae	3629
Samoidae	3
Santiidae	32
Sapygidae	36
Sarcophagidae	570
Sarcoptidae	7
Sarsiellidae	727
Saturniidae	1247
Satyridae	6
Scalpellidae	8
Scaphidiidae	12
Scaphidiinae	1
Scarabaeidae	13159
Scaridae	12
Scathophagidae	521
Scatopsidae	50
Scelionidae	291
Scenopinidae	10
Scheloribatidae	21
Schendylidae	20
Schistorphidae	1
Schistosomatidae	6
Schizocytheridae	4
Schizopetalidae	2
Schizopodidae	2
Schizopteridae	57
Schreckensteiniidae	5
Sciaridae	382
Scinidae	2
Sciomyzidae	556
Scirtidae	308
Scirtidae/Helodidae	1
Sclerosomatidae	404
Scolebythidae	1
Scolecitrichidae	75
Scoleidae	1
Scoliidae	459
Scolopendrellidae	1
Scolopendridae	64
Scolopocryptopidae	63
Scolytidae	97
Scolytinae	1
Scombrolabracidae	8
Scopelarchidae	5
Scophthalmidae	32
Scorpaenidae	16
Scraptidae	1
Scraptiidae	634
Scutacaridae	10
ScUtahelleridae	3
Scutelleridae	1372
Scutigerellidae	3
Scutigeridae	16
Scutoverticidae	2
Scydmaenidae	191
Scyllaridae	45
Scythrididae	57
Scytodidae	73
Sebidae	13
Segestriidae	45
Segrestriidae	2
Sejidae	5
Selenopeltidae	19
Selenopidae	44
Sematuridae	2
Semelidae	2
Senoculidae	5
Sepsidae	191
Sergestidae	43
Sericostomatidae	168
Serolidae	65
Serphitidae	1
Serranidae	4
Sesarmidae	65
Sesiidae	212
Sessiidae	15
Sialidae	215
Sicariidae	130
Sicyoniidae	104
Sididae	66
Sierolomorphidae	26
Signiphoridae	2
Silphidae	1571
Silvanidae	246
Simuliidae	545
Siphlonuridae	378
Siphonariidae	1
Siphonophoridae	13
Siphonotidae	1
Siricidae	383
Sironidae	18
Sisyridae	22
Smarididae	2
Smicripidae	2
Sminthuridae	183
Sminthurididae	108
Solecurtidae	1
Solenidae	2
Solenoceridae	34
Solenopleuridae	3
Solifugidae	1
Solpugidae	3
Sotoplacidae	1
Sparassidae	103
Sparidae	2
Spathebothriidae	1
Sperchonidae	5
Sphaeragnostidae	7
Sphaeridae	1
Sphaeriidae	58
Sphaeriodesmidae	26
Sphaeritidae	7
Sphaeriusidae	14
Sphaeroceridae	436
Sphaeromatidae	356
Sphaeropsocidae	2
Sphecidae	2641
Sphindidae	65
Sphingidae	1703
Sphyranuridae	1
Sphyrapodidae	1
Sphyriidae	5
Spinocalanidae	48
Spiraxidae	2
Spirobolidae	89
Spirocercidae	3
Spirorchidae	2
Spirostreptidae	28
Spirridae	1
Spirulidae	1
Spiruridae	53
Spondylidae	2
Spongicolidae	5
Spongiphoridae	9
Squillidae	91
Staphilinidae	3
Staphlinidae	1
Staphylinidae	4622
Stegocephalidae	4
Steingeliidae	5
Stemmiulidae	12
Stenasellidae	1
Stenetriidae	21
Stenopelmatidae	152
Stenopodidae	12
Stenopsocidae	8
Stenopsychidae	3
Stenothoidae	248
Stenotrachelidae	65
Stephanidae	44
Sternophoridae	2
Stigmaeidae	7
Stigmaphronidae	1
Stignopsidae	1
Stilipedidae	8
Stomylotrematidae	1
Stratiomyiadae	1
Stratiomyidae	500
Streblidae	58
Streptocephalidae	10
Striariidae	1
Strigeidae	6
Strobilopsidae	18
Strombidae	7
Strongylidae	1
Strongylocentrotidae	1
Strongyloididae	4
Strongylophthalmyiidae	2
Stygnommatidae	3
Stygnopsidae	38
Stylopidae	1
Subtriquetridae	1
Subulinidae	7
Subuluridae	7
Succineidae	21
Suctobelbidae	6
Superstitionidae	3
Superstitioniidae	41
Surperstitioniidae	1
Syarinidae	8
Symmocidae	16
Symphytognathidae	3
Synchroidae	57
Syngamidae	2
Synneuridae	2
Synodontidae	9
Synopiidae	204
Syringobiidae	1
Syrphidae	1691
Syrphus sp. pupa	1
Tabanidae	1305
Tachinidae	742
Taeniidae	56
Taeniopterygidae	1571
Talitridae	112
Tanaellidae	57
Tanaididae	52
Tanaissuidae	119
Tanaostigmatidae	1
Tanyderidae	1
Tanypezidae	10
Tarachodidae	2
Tecticipitidae	2
Tectocepheidae	9
Tegastidae	1
Tegoribatidae	14
Telegeusidae	7
Telemidae	49
Tellinidae	14
Telorchiidae	5
Temoridae	50
Tenebriodinae	1
Tenebrionidae	14379
Tengellidae	34
Tentaculariidae	2
Tenthiridinidae	1
Tenthredinidae	3167
Tenthredmidae	1
Tenuialidae	1
Tenuipalpidae	28
Tephritidae	297
Teratembiidae	1
Terebridae	3
Termitidae	55
Termopsidae	36
Terpnacaridae	1
Tethinidae	5
Tetigoniidae	1
Tetrablemmidae	14
Tetracampidae	1
Tetraclitidae	7
Tetradellidae	2
Tetragnatha	1
Tetragnathidae	1599
Tetragonicipitidae	2
Tetraliidae	2
Tetrameridae	39
Tetranychidae	31
Tetrasquillidae	1
Tetrastemmatidae	1
Tetrastichidae	9
Tetratomidae	258
Tetrigidae	776
Tettigonidae	7
Tettigoniidae	1305
Thalassinidae	12
Thalestridae	13
Thamnocephalidae	3
Thanerocleridae	3
Tharybidae	37
Thaumaleidae	4
Thaumastellidae	2
Thelastomatidae	1
Thelaziidae	27
Thelyphonidae	21
Theraphosidae	283
Therevidae	296
Theridiidae	3254
Theridiidae?	1
Theridiosomatidae	32
Thespidae	65
Thomisidae	2252
Thremmatidae	386
Threvidae	1
Thripidae	388
Thrombiculidae	1
Throscidae	142
Thyasidae	1
Thyatiricidae	1
Thyatiridae	81
Thyreocoridae	948
Thyrididae	46
Timematidae	4
Tineidae	311
Tingidae	1508
Tingupidae	3
Tiphiidae	731
Tipulidae	778
Tisbidae	30
Tischeridae	1
Tischeriidae	44
Titanoecidae	170
Tochinidae	2
Toernquistiidae	4
Tomoceridae	407
Tortanidae	178
Tortricidae	904
Torymidae	464
Toxoplasmatidae	2
Trachelidae	54
Trachelipodidae	5
Trachyleberididae	120
Trachypachidae	34
Trachytidae	2
Trapeziidae	24
Travuniidae	222
Trematuridae	31
Treniidae	1
Trhypochthoniidae	20
Triaenodes	1
Triaenonychidae	74
Triaenophoridae	1
Trichinellidae	2
Trichiuridae	2
Trichoceridae	75
Trichodactylidae	22
Trichodectidae	19
Trichogrammatidae	190
Trichoniscidae	9
Trichopeltariidae	1
Trichopetalidae	9
Trichosomoididae	1
Trichostrongylidae	16
Trichuridae	16
Tricrepicephalidae	1
Tridactylidae	180
Tridenchthoniidae	1
Triglidae	2
Trigonalidae	29
Trigonidiidae	230
Trilobita	3
Triloculariidae	1
Trinucleidae	9
Triopsidae	17
Triozidae	278
Triviidae	2
Trixoscelididae	1
Trochidae	9
Trogidae	887
Trogiidae	1
Trogolotrematidae	1
Trogossitidae	283
Trogulidae	1
Trombiculidae	93
Trombidiidae	51
Tropidocoryphidae	1
Tropiduchidae	292
Trypanosomatidae	1
Tryphanidae	1
Tsinaniidae	5
Tubificidae	20
Tullbergidae	2
Tullbergiidae	194
Tumidocarcinidae	1
Turbinellidae	1
Turbinidae	11
Turbinoptidae	1
Turridae	2
Turritellidae	1
Tvaerenellidae	16
Tydeidae	9
Tylidae	2
Typhlobolellidae	4
Typhlotanaidae	1
Ucididae	7
Uenoidae	192
Uldiidae	1
Ulidiidae	231
Uloboridae	121
Unciolidae	1
undefinable	1
Uniciolidae	2
Unidentified	34
Unionicolidae	16
Unionidae	239
Unionidae?	1
UNKNOWN_NULL	26140
Upogebiidae	117
Uraniidae	55
Uranoscopidae	3
Uristidae	50
Urocoptidae	1
Urodidae	4
Urodinychidae	5
Uropodidae	29
Urotrematidae	3
Vaejovidae	463
Valloniidae	6
Valvatidae	1
Vanhorniidae	5
Varroidae	2
Varunidae	34
Veigaiidae	1
Veliidae	670
Veneridae	22
Vermipsyllidae	1
Verrucidae	5
Vespidae	3313
Vibiliidae	10
Vitrinidae	2
Viviparidae	18
Xanthidae	567
Xenillidae	3
Xenophoridae	1
Xiphocentronidae	8
Xiphydriidae	160
Xolalgidae	1
Xyelidae	174
Xylococcidae	30
Xylomyidae	12
Xylophagidae	65
Xyloryctidae	8
Xystodesmidae	513
Yponomeutidae	264
Ypsolophidae	66
Zacanthoididae	6
Zalmoxidae	24
Zerconidae	6
Zodariidae	110
Zonitidae	36
Zoogonidae	1
Zopheridae	1261
Zoridae	3
Zorocratidae	23
Zoropsidae	2
Zygaenidae	98
Zygaeniidae	3
Zygoptera	3
Zygtenidae	1
