family	count(occid)
1 Rhopaliasidae, 2 Diplostomidae	1
1 Strigeidae/ 2 Threskiornithidae	1
Abacionidae	310
Acalaphidae	5
Acanaloniidae	3960
Acanloniidae	1
Acanthametropodidae	4
Acanthaspidiidae	11
Acanthochitonidae	2
Acantholeberidae	1
Acanthopidae	2
Acanthopteroctetidae	17
Acanthosomatidae	1727
Acanthotelsonidae	28
Acanthuridae	4
Acardae	1
Acaridae	184
Acartiidae	340
Acartophthalmidae	48
Acastidae	6
Aceraceae	2
Acerentomidae	10
Acertentomidae	1
Achatinellidae	10
Achilidae	2566
Achipteriidae	89
Achiridae	72
Aclerdidae	23
Acmaeidae	18
Acmaeoblattidae	1
Acolothripidae	2
Acridadae	1
Acrididae	129264
Acrididaehttp://symbiota4.acis.ufl.edu/scan/portal	1
Acroceridae	86
Acrolepiidae	64
Acrolophidae	127
Acropsopilionidae	1
Actaletidae	1
Acteonidae	1
Acuariidae	105
Adelgidae	705
Adelidae	305
Aderidae	2236
Aderidae?	3
Adrenidae	3
Aegeriidae	1
Aegialiidae	30
Aegidae	59
Aeginellidae	1
Aeglidae	1
Aegyrtidae	60
Aenictopecheidae	1
Aeolothripidae	1032
Aeroglyphidae	9
Aeshnidae	10275
Aetalionidae	47
Aethridae	125
Aetideidae	727
Agaonidae	213
Agathotanaidae	27
Agelendae	1
Agelenidae	3230
Aglycyderidae	156
Agnostidae	69
Agonoxenidae	23
Agostocarididae	2
Agraulidae	66
Agriolomacidae	2
Agrionidae	11
Agromyzidae	4811
Agromyziidae	1
Agyrtidae	328
Aididae	3
Akanthophoreidae	39
Albuneidae	36
Alexiidae	1
Aleyrodidae	4366
Algophagidae	8
Alicorhagiidae	1
Alleculidae	119
Allocreadiidae	11
Allopocockiidae	2
Alloptidae	10
Allopyragraphoridae	1
Alokistocaridae	333
Alpheidae	2295
Alucitidae	98
Alvinocarididae	10
Alycidae	8
Alydidae	6735
Amabiliidae	6
Amaurobiidae	1651
Amaurobiidae?	1
Amblyopsidae	1
Ameiridae	34
Ameletidae	889
Ameronothridae	12
Ameronothriidae	3
Ameroseiidae	34
Ametropodidae	14
Ametroproctidae	30
Ammotheidae	73
Ammotrechidae	338
Ammoxenidae	1
Amorphoscelidae	2
Ampeliscidae	4233
Amphientomidae	9
Amphilochidae	259
Amphinectidae	17
Amphinemurinae	98
Amphipoda	36
Amphipsocidae	57
Amphisbatidae	8
Amphithoidae	3
Amphizoidae	459
Ampithoidae	503
Ampulicidae	100
Ampullariidae	3
Amynilyspedidae	1
Analgesidae	3
Analgidae	5
Anapidae	54
Anarhichadidae	1
Anarthruridae	9
Anarthuridae	1
Anaxyelidae	2
Ancinidae	52
Ancorabolidae	12
Ancylidae	47
Ancylostomatidae	551
Ancyracanthidae	29
Anderemaeidae	3
Andrena vidae	2
Andrenidae	351707
Andrognathidae	86
Angiodictylidae	1
Anguillidae	271
Angusticaecidae	4
Anisakidae	43
Anisembiidae	2
Anisogammaridae	69
Anisolabididae	278
Anisopodidae	591
Annulariidae	2
Anobiidae	2966
Anoetidae	1
Anomalocarididae	4
Anomalogrammatidae	1
Anomiidae	9
Anomocaridae	13
Anoplocephalidae	269
Anoplogastridae	27
Anostostomatidae	2
Anotopteridae	3
Antarcturidae	2
Antennariidae	38
Antheluridae	2
Anthicidae	10704
Anthicidae?	2
Anthocoridae	3053
Anthocoridea	2
Anthomyiidae	26306
Anthomyzidae	771
Anthophoridae	10762
Anthribidae	1332
Anthroleucosomatidae	1
Anthuridae	1607
Antrodiaetidae	182
Anyphaenidae	583
Anysidae	11
Anystidae	1631
Aoridae	3670
Aparchitidae	5
Apataniidae	415
Apatelodidae	80
Apaturidae	11
Aphalaridae	1926
Aphelaspididae	10
Aphelidesmidae	58
Aphelinidae	12926
Apheloneuridae	61
Aphidae	1
Aphididae	116321
Aphidiidae	249
Aphidiinae	55
Aphodiidae	1395
Aphodiinae	1
Aphrophoridae	8930
Aphrophorinae	49
Apidae	590903
Apidea	4
Apidiae	344
Apioceridae	399
Apionacaridae	5
Apionidae	291
Aplustridae	4
Aplysiidae	1
Apoidea	155
Apseudidae	415
Apsilocephalidae	3
Aradidae	3474
Araneidae	10685
Araneidae, Thomisidae	1
Archaeobalanidae	124
Archaeocrypticidae	1
Archeocrypticidae	718
Archescytinidae	63
Archimylacridae	1
Archipsocidae	1
Architarbidae	1
Architectonicidae	6
Arcidae	21
Arctiidae	11278
Arctopsychidae	126
Arcturidae	9
Argasidae	208
Argestidae	22
Argidae	3555
Argiopidae	3
Argissidae	131
Argomyzidae	1
Argulidae	34
Argyresthiidae	53
Arietellidae	1
Ariommidae	1
Arionidae	1
Aristaeidae	4
Aristeidae	45
Armadillidae	2048
Armadillidiidae	73
Arrenuridae	203
Arrhopalitidae	151
Artematopidae	1
Artematopodidae	135
Artemiidae	12
Artheneidae	276
Arthrolycosidae	5
Arthropleidae	10
Asaphidae	991
Asaphiscidae	20
Ascalaphidae	150
Ascaridae	11
Ascarididae	281
Ascidae	112
Asellidae	386
Asilidae	14792
Asparagaceae	6
Aspidogastridae	8
Astacidae	63
Astartidae	1
Asteiidae	843
Asteraceae	12
Asterocheridae	2
Asterolecaniidae	353
Asthenohymenidae	244
Astronesthidae	56
Atelecyclidae	628
Ateleopodidae	1
Atelestidae	1
Atemnidae	33
Athericidae	19
Atopetholidae	65
Atopomelidae	26
Attelabidae	529
Attidae	2
Aturidae	3
Atyidae	557
Atypidae	121
Augaptilidae	24
Aulacidae	53
Aulacigastridae	430
Autognetidae	1
Autostichidae	44
Avenzoariidae	5
Aviculariidae	2
Axiidae	218
Axymyiidae	2
Azygiidae	21
Babyloniidae	1
Bacillaceae	64
Baetidae	8451
Baetiscidae	387
Bairdiidae	292
Balanidae	848
Balistidae	1
Barbouriidae	2
Barleeidae	1
Barychelidae	3
Bateidae	548
Bathycheilidae	71
Bathygadidae	12
Bathylagidae	93
Bathynellidae	1
Bathynotidae	4
Bathypontiidae	29
Bathypteroidae	36
Bathyuridae	30
Batillariidae	1
Batocrinidae	2
Batrachedridae	79
Bdellidae	123
Bdellouridae	2
Bedelliidae	55
Behningiidae	10
Belidae	45
Bellostomatidae	9
Belonidae	2
Belostomatidae	4169
Benthesicymidae	117
Bentheuphausiidae	13
Beraeidae	13
Berothidae	240
Berytidae	4550
Bethylidae	3152
Betulaceae	2
Beyrichiidae	29
Biantidae	25
Bibionidae	1756
Bibonidae	1
Biphyllidae	104
Bithyniidae	2
Bittacidae	831
Blaberidae	317
Blaniulidae	222
Blastobasidae	649
Blattallidae	1
Blattaria	309
Blattellidae	1293
Blattidae	1346
Blattinopsidae	1
Blattisocidae	11
Blattisociidae	36
Blenniidae	9
Blennocampinae	1
Blephariceridae	15
Blissidae	4876
Bodotriidae	2662
Bogidiellidae	1
Bolaspididae	5
Bolboceratidae	206
Bolbomyiidae	5
Bolitophilidae	4
Bolliidae	2
Bombidae	1
Bombycidae	246
Bombylidae	1
Bombyliidae	4005
Boopidae	2827
Bopyridae	35
Borboridae	15
Boreidae	196
Boridae	12
Bosminidae	115
Bostrichidae	2650
Bostricidae	1
Bostrychidae	1
Bothidae	7
Bothrideridae	119
Bothriocephalidae	2
Bourletiellidae	511
Bovicolidae	108
Bracenidae	1
Brachycentridae	2338
Brachyceridae	80
Brachychthoniidae	14
Brachycoeliidae	1
Brachylaimidae	24
Brachymetopidae	1
Brachypteridae	38
Brachystomatidae	47
Brachystomellidae	96
Braconidae	65043
Bradybaenidae	1
Bradynobaenidae	580
Branchinectidae	249
Branneriidae	8
Brathinidae	2
Brenthidae	1
Brentidae	2909
Bresiliidae	1
Bruchidae	429
Buccinidae	38
Bucculatricidae	329
Bucephalidae	2
Bulimulidae	37
Bullidae	6
Buprestidae	27447
Burgessiidae	58
Bursidae	9
BUtahhidae	1
Buthidae	1043
Byrrhidae	680
Bythocyprididae	5
Bythocytheridae	5
Byturidae	380
Caddidae	24
Caecilidae	1
Caeciliidae	26
Caeciliusidae	77
Caeculidae	17
Caenidae	3036
Calamoceratidae	211
Calanidae	10116
Calappidae	275
Caleremaeidae	4
Caligidae	111
Caligonellidae	1
Caliphoridae	8
Caliscelidae	1338
Callianassidae	675
Callianideidae	6
Callionymidae	3
Calliopiidae	206
Calliostomatidae	7
Callipallenidae	63
Calliphorida	1
Calliphoridae	10890
Callipodidae	1
Callirhipidae	40
Calocarididae	4
Calocidae	1
Caloneuridae	10
Calophyidae	134
Calopterygidae	5316
Calymenidae	925
Calyptostomatidae	4
Calyptraeidae	31
Calyptraeidae 	4
Camaenidae	2
Camallanidae	13
Camasiidae	1
Cambalidae	77
Cambaridae	4222
Camisiidae	163
Campodeidae	47
Camptoneuritidae	1
Canacidae	5995
Cancellariidae	3
Cancridae	758
Cancroidea	3
Candacidae	3
Candaciidae	4
Candonidae	13
Canestriniidae	1
Cantharidae	6478
Canthocamptidae	41
Canthyloscelidae	16
Canuellidae	187
Capillaridae	45
Capniidae	12718
Caponiidae	33
Caprellidae	614
Caprellinoididae	11
Capulidae	1
Carabidae	428445
Carabidae 	76
Caraboacaridae	7
Carabodidae	48
Carangidae	2
Carcineretidae	2
Carcinophoridae	21
Carcinosomatidae	1
Cardiidae	32
Carditidae	6
Caribbiantidae	3
Caridae	5
Carnidae	408
Carpiliidae	8
Carposinidae	92
Carychiidae	8
Caryophyllaeidae	1
Caseyidae	19
Caspiopetalidae	4
Cassidae	15
Castniidae	4
Catacrinidae	1
Catenotaeniidae	4
Catillicephalidae	39
Cebrionidae	72
Cecidomyiidae	28297
Cecropidae	7
Cedariidae	1
Celaenopsidae	3
Centropagidae	616
Centrorhynchidae	17
Cephaloidae	13
Cepheidae	3
Cephidae	555
Ceraclea	1
Cerambycidae	32847
Ceraphrodidae	87
Ceraphronidae	1445
Ceratapogonidae	176
Ceratiidae	43
Ceratiocarididae	28
Ceratocombidae	99
Ceratocumatidae	7
Ceratolasmatidae	46
Ceratophylidae	1
Ceratophyllida	1
Ceratophyllidae	886
Ceratopogonidae	9351
Ceratopongidae	12
Ceratoppiidae	319
Ceratopsyche	4
Ceratozetidae	417
Cercopidae	4200
Cercropidae	1
Cerithiidae	5
Cerococcidae	73
Cerophytidae	7
Cerozetidae	4
Certatopogonidae	3
Cerviniidae	17
Cerylonidae	894
Cetomimidae	45
Cetoniidae	1152
Chactidae	26
Chaetiliidae	171
Chaetodactylidae	19
Chaetodontidae	4
Chalcidae	3
Chalcididae	2851
Chamaemyiidae	6593
Chamidae	9
Chamobatidae	71
Chaoboridae	638
Chaodoridae	3
Charipidae	100
Charopidae	2
Chasmocarcinidae	11
Chauliodontidae	60
Cheilocephalidae	2
Cheiragonidae	1470
Cheiridiidae	5
Cheirocratidae	1
Cheiruridae	2397
Cheliferidae	235
Chelisochidae	82
Chelodesmidae	22
Chelonariidae	69
Chelonibiidae	3
Chelopteridae	43
Cheluridae	6
Chernetidae	240
Cheyletidae	22
Chilenophilidae	1
Chilomastigidae	2
Chimabachidae	1
Chirocephalidae	108
Chirodiscidae	39
Chiromyidae	3
Chironomidae	38555
Chirostylidae	8
Chitonidae	2
Chloroperlidae	3409
Chloropidae	50275
Choctellidae	4
Chondracanthidae	36
Chordodidae	1
Choreutidae	179
Choropidae	17
Chortoglyphidae	11
Chrionomidae	1
Chrysididae	6494
Chrysolmelidae	1
Chrysomelidae	34080
Chrysomelidae:Bruchinae	34
Chrysomellidae	1
Chrysopidae	8106
Chthamalidae	87
Chthonidae	1
Chthoniidae	99
Chydoridae	503
Chyphotidae	61
Chyromyidae	479
Chyrsomelidae	11
Cicadellidae	208726
Cicadidae	50928
Cicerinidae	1
Cicindelidae	94
Cicodellidae	5
Ciidae	3648
Cimbicidae	814
Cimibicidae	8
Cimicidae	1336
Cirolanidae	620
Cisiidae	1
Cixiidae	7651
Cixiidae, Achilidae	1
Cladonychiidae	47
Clambidae	312
Clariidae	2
Clastopteriae	11
Clastopteridae	5552
Clausidiidae	4
Clausocalanidae	3473
Cleidogonidae	400
Cleriae	1
Cleridae	7271
Cletodidae	118
Clinidae	2
Clinostomatidae	141
Cloacaridae	48
Clubionidae	2743
Clusiidae	850
Clytemnestridae	1
Coccidae	3473
Coccinellidae	21215
Coccinellidae, Chrysomelidae	1
Coccoideae	1
Cochlicopidae	2
Cochylidae	72
Coelopidae	359
Coenagrionidae	38112
Coenobitidae	113
Coleophoridae	947
Coleoptera	23
Colletidae	79610
Colletteidae	50
Collumbellidae	1
Colomastigidae	47
Colossendeidae	26
Columbellidae	8
Colydiidae	392
Conchaspididae	5
Condylopygidae	4
Conidae	80
Coniopterygidae	602
Conipterygidae	1
Conocephalidae	50
Conocephalidea	1
Conocephalideae	2
Conocoryphidae	11
Conoesucidae	1
Conopidae	636
Conotylidae	120
Coosellidae	6
Copromorphidae	12
Corallanidae	42
Coralliophilidae	2
Corbiculidae	52
Cordulegastridae	1332
Corduliidae	8262
Cordullidae	596
Coreidae	21337
Corethrellidae	11
Corimelaenidae	646
Corinnidae	1875
Corinnidae?	7
Corixidae	46242
Corixiidae	25
Coronulidae	8
Corophiidae	3029
Corycaeidae	9
Corydalidae	2226
Corydiidae	145
Corylophidae	1852
Cosmetidae	325
Cosmocercidae	14
Cosmochthoniidae	5
Cosmopterigidae	1290
Cossidae	503
Crabronidae	44703
Crambidae	9699
Crangonidae	924
Crangonyctidae	361
Craspedosomatidae	2
Crassatellidae	2
Crepicephalidae	14
Crepidulidae	5
Crossotonotidae	1
Crotoniidae	5
Crustacea	1134
Cruziidae	6
Cryptocercidae	104
Cryptochetidae	1
Cryptochiridae	6
Cryptocopidae	1
Cryptodesmidae	11
Cryptogonimidae	25
Cryptoniscidae	57
Cryptophagidae	2650
Cryptophialidae	1
Cryptopidae	161
Ctenidae	65
Ctenizidae	106
Ctenizidae?	1
Ctenophthalmidae	31
Ctenuchidae	2
Cucujidae	334
Cuculionidae	1
Cucullanidae	1
Culicidae	32506
Cunaxidae	30
Cupedidae	298
Curaliidae	20
Curculionidae	177076
Curculionidae:Scolytinae	2
Curtonotidae	20
Cuspidariidae	1
CUtaherebridae	1
Cuterebridae	120
Cyamidae	5
Cyathocephalidae	1
Cyathocotylidae	1
Cyathostomidae	65
Cybaeidae	2054
Cyclidae	1
Cyclocoelidae	80
Cyclodorippidae	19
Cyclopidae	638
Cyclopinidae	8
Cyclopygidae	1
Cydnidae	5184
Cyematidae	1
Cylichnidae	1
Cylindroleberididae	1628
Cylindropsyllidae	47
Cylindrotomidae	31
Cylisticidae	8
Cymbaeremaeidae	53
Cymidae	2851
Cymopoliidae	9
Cymothoidae	69
Cynidae	2
Cynipidae	9213
Cyphocarididae	8
Cypraeidae	24
Cypridae	2
Cyprididae	1201
Cypridinidae	365
Cypridopsidae	1
Cyproideidae	4
Cyrtaucheniidae	42
Cyrtodesmidae	2
Cystiosomatidae	1
Cytherellidae	3
Cytheridae	14
Cytherideidae	127
Cytheromatidae	41
Cytheruridae	7
Cytoditidae	2
Cytodytidae	27
Cyzicidae	53
Dactylogyridae	17
Dactylopiidae	112
Dairellidae	1
Dairidae	45
Dairoididae	12
Dakoticancridae	25
Dalceridae	35
Dalmanitidae	61
Damaeidae	75
Dameaidae	6
Danaidae	18
Danidae	1
Daphnidae	44
Daphniidae	617
Daraineidae	1
Darcythompsoniidae	7
Dariellidae	1
Darwinulidae	30
Dascillidae	172
Dascyllidae	1
Dasyleptidae	1
Dasytidae	3
Davaineidae	226
Deinopidae	4
Delphacidae	27600
Deltocephalidae	82
Demodecidae	12
Demodicidae	1
Demopteridae	1
Dendrotionidae	1
Dentaliidae	1
Depressariidae	3
Derbidae	2970
Dermanyssidae	1181
Dermationidae	1
Dermestidae	5813
Derodontidae	2812
Desidae	7
Desmosomatidae	39
Deuterophlebiidae	4
Dexaminidae	75
Diadocidiidae	7
Diagnothodontidae	5
Diaphanidae	1
Diaphanocephalidae	3
Diaphanometopidae	1
Diapheromeridae	280
Diapriidae	8300
Diaptomidae	344
Diaspididae	14139
Diastatidae	129
Diastylidae	1135
Dibothriocephalidae	2
Dicrocoeliidae	245
Dictynidae	5179
Dictynidae?	1
Dictyopharidae	4426
Dicyrtomidae	424
Digamasellidae	376
Dignathodontidae	7
Diguetidae	89
Dikelocephalidae	75
Dilaridae	1
Dilepididae	271
Dimeropygidae	7
Dinesidae	7
Dinidoridae	19
Dinychidae	565
Dioctophymatidae	10
Dioecocestidae	2
Diogenidae	1261
Dionididae	8
Diopsidae	18
Dioptidae	3
Diosaccidae	69
Diospilini	1
Dipetalonematidae	79
Diphyllobothridae	5
Diphyllostomatidae	21
Diplagnostidae	2
Diplepididae	22
Diplocentridae	63
Diplodiscidae	2
Diplostomatidae	5656
Diplotrianeidae	6
Dipluridae	72
Diprionidae	3543
Dipseudopsidae	572
Dipsocoridae	24
Diptera	10
Dipylidiidae	20
Dirivultidae	91
Disciadidae	1
Discidae	31
Discocotylidae	14
Discolomatidae	2
Discolomidae	1
Discourellidae	2
Ditaxineuridae	2
Ditomyiidae	17
Dixidae	112
Dixiidae	1
Dogielinotidae	147
Doidae	3
Dokimocephalidae	40
Dolichoderinae	12
Dolichometopidae	78
Dolichopidae	5
Dolichopodidae	33222
Dolichopsyllidae	22
Dolichopteridae	10
Dolochopodidae	1
Domeciidae	36
Donacidae	9
Dorippidae	15
Dorypygidae	72
Douglasiidae	52
Dracanculidae	1
Drassidae	5
Drepanellidae	7
Drepanidae	1599
Dressenidae	1
Dromiidae	144
Drosophila	130
Drosophilidae	30447
Dryinidae	994
Dryobidae	1
Dryomyzidae	734
Dryophthoridae	663
Dryopidae	7159
Dulichiidae	3
Dulicidae	1
Dumontiidae	4
Dynastidae	1561
Dynomenidae	22
Dysderidae	557
Dytiscidae	49103
Dytisidae	1
E	1
Ecbathyriontidae	1
Echeneididae	39
Echinocarididae	31
Echinorhynchidae	1
Echinostomatidae	103
Ecnomidae	16
Ectinosomatidae	89
Ectobiidae	326
Ectopsocidae	35
Eimeriidae	2
Elachistidae	1408
Elasmidae	14
Elateriae	1
Elateridae	35063
Elateroidea	5
Elenchidae	9
Eleotrididae	21
Elipsocidae	37
Ellipsocephalidae	2
Ellipsocephaloididae	29
Elliptochthoniidae	2
Ellobiidae	5
Elmidae	17132
Elmoidae	10
Elviniidae	57
Elytroneuridae	1
Embiidae	2
Embioptera	18
Embolemidae	5
Empidae	1
Empididae	8495
Enchytraeidae	4
Encrinuridae	163
Encyridae	20
Encyrtidae	22530
Endamoebidae	10
Endecatomidae	59
Endeididae	12
Endomychidae	1477
Endymioniidae	4
Eneopteridae	2
Engraulididae	42
Enicocephalidae	118
Eniochthoniidae	1
Enoplometopidae	1
Entocytheridae	33
Entomaspididae	1
Entomobryidae	9968
Entomozoidae	1
Entonyssidae	4
Eodiscidae	20
Eosentomidae	1
Epermeniidae	62
Ephemerellidae	5163
Ephemeridae	4044
Ephippididae	16
Ephydridae	11241
Epialtidae	605
Epidermoptidae	158
Epilohmannidae	2
Epilohmanniidae	1
Epimeriidae	21
Epimetopidae	49
Epiplemidae	8
Epipsocidae	3
Epipygidae	2
Epipyropidae	6
Episactidae	4
Epitoniidae	12
Erebidae	29273
Erebonasteridae	6
Eremaeidae	113
Eremobatidae	3212
Eremobelbidae	1
Ereynetidae	161
Ergasilidae	38
Erigonidae	7
Eriococcidae	594
Eriocottidae	1
Eriocraniidae	116
Eriophyidae	10
Eriopisidae	3
Eriphiidae	221
Erirhinidae	307
Erotylidae	2362
Erymidae	2
Erythraeidae	1383
Estheriidae	3
Ethmiidae	17
Ethusidae	20
Eucaenidae	1
Eucalanidae	1714
Euchaetidae	653
Eucharitidae	198
Eucinetidae	269
Eucnemidae	952
Eucoilidae	235
Eucopiidae	71
Eucotylidae	30
Eucytheridae	14
Euglenidae	36
Euglycyphagidae	8
Eugonatonotidae	4
Eukoeneniidae	3
Eulichadidae	1
Eulimidae	1
Eulophidae	16407
Eumastacidae	61
Eumenidae	1898
Eumunididae	2
Eupelmidae	1271
Euphausiidae	5376
Euphoberiidae	10
Euphorinae	2
Euphthiracaridae	6
Eupodidae	621
Euproopidae	16
Eurycercidae	30
Eurychilinidae	11
Eurydesmidae	9
Eurymerodesmidae	42
Euryphoridae	2
Euryplacidae	51
Eurypteridae	109
Euryptilonidae	13
Eurysquillidae	1
Eurystethidae	10
Eurytomidae	3807
Euryuridae	194
Euscorpiidae	2
Eusiridae	243
Euteliidae	44
Euterpinidae	2
Eutichuridae	40
Evaniidae	623
Expanathuridae	2
Eylaidae	8
Fabaceae	30
Fallotaspididae	1
Fanniidae	4990
Fasciolariidae	23
Fasciolidae	12
Fellodistomatidae	1
Ficidae	3
Figitidae	1931
Filariidae	29
Filaroididae	129
Filistatidae	219
Fish	1
Fissurellidae	20
Flatidae	4962
Floridobolidae	5
Forficulidae	334
Formica	3
Formicidae	251086
Freyanidae	13
Fuhrmannodesmidae	3
Fulgoridae	876
Fungivoridae	1
Gabuciniidae	12
Gadiformes	16
Gagrellidae	80
Galacticidae	13
Galatheidae	204
Galeorhinidae	6
Galumnidae	131
Gamasidae	8
Gammarellidae	8
Gammaridae	1073
Garypidae	18
Garypinidae	1
Gasteruptiidae	400
Gastrerophilidae	1
Gastrocotylidae	6
Gastronyssidae	4
Gecarcinidae	228
Gelastochoridae	3
Gelastocoridae	2639
Gelechidae	2
Gelechiidae	6394
Geocoridae	6179
Geogarypidae	1
Geometridae	34129
Geomyzidae	1
Geophilidae	273
Geophilomorpha	1
Georissidae	3
Georyssidae	15
Geotrupidae	2754
Geragnostidae	5
Gerridae	9490
Geryonidae	49
Gigantorhynchidae	15
Glaphuridae	8
Glaphyridae	43
Glaresidae	780
Glomeridae	24
Glomeridesmidae	9
Glossosomatidae	3354
Glycymerididae	6
Glycyphagidae	110
Glypheidae	1
Glyphidoceridae	20
Glyphipterigidae	72
Glyphocrangonidae	120
Glyptograpsidae	46
Gnaphosidae	12120
Gnaphosidae?	12
Gnaphosiidae	2
Gnathiidae	65
Gnathophyllidae	28
Gnathostenetroidae	5
Gnathostomatidae	5
Gobiesocidae	8
Gobiidae	6
Goeridae	494
Goeziidae	3
Gomphidae	7286
Goneplacidae	79
Gonodactylidae	323
Gorgoderidae	10
Gosibiidae	21
Gracillariidae	3426
Grammistidae	7
Grapsidae	772
Gryllacrididae	48
Gryllidae	5758
Grylloblattidae	23
Gryllotalpidae	334
Guanolichidae	2
Gustaviidae	8
Gymnodamaeidae	99
Gyrinidae	11902
Gyrodactylidae	1
Gyropidae	24
Habronematidae	27
Hadziidae	83
Haematopinidae	46
Hahnidae	1
Hahniidae	2950
Halacaridae	29
Halarachinidae	1
Halicidae	5
Halictidae	631017
Halictus	3
Halimococcidae	6
Haliotididae	15
Haliplidae	6580
Halocyprididae	258
Haminoeidae	2
Hammatocnemidae	15
Hapalocarcinidae	2
Haplobothriidae	1
Haplochthoniidae	6
Haplodesmidae	4
Haplomunnidae	3
Haplonematidae	2
Haploniscidae	6
Haplotrematidae	4
Haplozetidae	73
Harpacticidae	638
Harpetidae	29
Harpidae	2
Harpididae	5
Harpyrhynchidae	7
Hasstilesiidae	8
Hastagnostidae	53
Haustoridae	1
Haustoriidae	827
Hebridae	669
Hectopsyllidae	234
Hedylidae	2
Heleomyzidae	3375
Helicarionidae	17
Helicidae	6
Helicinidae	19
Helicodiscidae	19
Heliconiidae	6
Helicophidae	100
Helicopsychidae	1367
Heliodinidae	79
Heliozelidae	189
Helminthoglyptidae	1
Helodidae	3
Helomyzidae	9
Helophoridae	890
Heloridae	21
Hemerobiidae	5608
Hemicytheridae	895
Hemimylacridae	1
Hemipsocidae	22
Hemiptera	12
Hemisarcoptidae	8
Hemiscorpionidae	1
Hemisquillidae	8
Hemiuridae	43
Henicopidae	60
Hepialidae	322
Heptageniidae	15393
Hermanniellidae	2
Hermanniidae	16
Hermatobatidae	2
Herminiidae	26
Heronimidae	8
Herpyllobiidae	1
Hersiliidae	24
Hesperiidae	60744
Hesperinidae	7
Heterakidae	46
Heteroceridae	3214
Heterocheilidae	3
Heterochoilidae	14
Heterogastridae	81
Heteromyzidae	7
Heteronemiidae	59
Heterononomiidae	1
Heterophyidae	116
Heteroptera	1
Heterorhabdidae	361
Heterothripidae	261
Heterozerconidae	1
Heterozetidae	1
Hexamitidae	1
Hexathelidae	1
Hilarimorphidae	49
Himantariidae	16
Hippidae	246
Hippoboscidae	109
Hippolytidae	1470
Hipponicidae	7
Hiridae	1
Hirudisomatidae	3
Hirudosomatidae	1
Histeridae	11626
Histeridae 	3319
Histiostomatidae	30
Hodotermitidae	1
Holistophallidae	6
Hollinidae	17
Holmiidae	12
Holocentridae	1
Holognathidae	13
Holopedidae	1
Holopediidae	2
Homalonotidae	48
Homalonychidae	47
Homolidae	12
Homolodromiidae	1
Homotomidae	11
Hoplopleuridae	93
Hubbardiidae	27
Hughmilleriidae	48
Humerobatidae	219
Huntemanniidae	15
Hutchinsoniellidae	25
Hyadesiidae	81
Hyalellidae	298
Hyalidae	109
Hyblaeidae	1
Hybosoridae	803
Hybotidae	4778
Hydatinidae	2
Hydrachnidae	24
Hydraenidae	862
Hydridae	5
Hydrobiidae	99
Hydrobiosidae	304
Hydrochidae	471
Hydrodromidae	1
Hydrometridae	650
Hydrophilidae	39127
Hydropsyche	1
Hydropsychidae	21754
Hydroptilidae	6019
Hydroscaphidae	215
Hydrozetidae	2
Hydryphantidae	7
Hygrobatidae	3
Hymenolepididae	228
Hymenopodidae	1
Hymenoptera	18
Hyperiidae	3416
Hypochilidae	823
Hypochthoniidae	7
Hypoderidae	177
Hypogastruridae	1692
Hyponeoidae	1
Hyssuridae	715
Hystrichopsyllidae	214
Ibalidae	2
Ibaliidae	142
Ichneumonidae	52899
Ichneumonidae, Bruniaceae	4
Ichnuemonidae	4
Icthyocrinidae	1
Idahoiidae	19
Ideoroncidae	9
Idiacanthidae	13
Idiopidae	3
Idoteidae	1274
Iguanidae	1
Illaenidae	890
Illaenuridae	6
Ilyocryptidae	44
Ilyocyprididae	301
Immidae	24
Inachidae	218
Inachoididae	125
incertae sedis	1
Incurvariidae	160
Ingolfiellidae	27
Inocellidae	340
Inocelliidae	2
Iphimediidae	21
Isaeidae	1775
Ischnochitonidae	24
Ischnomesidae	3
Ischnopsyllidae	8
Ischryopsalididae	24
Ischyroceridae	1438
Ischyropsalididae	148
Ismaridae	5
Isochilinidae	7
Isognomonidae	6
Isonychidae	3
Isonychiidae	1820
Isoperlinae	69
Isotomidae	3623
Issidae	2085
Ithonidae	132
Ithyceridae	8
Iuridae	1019
Ixodidae	3589
Jacobsoniidae	1
Janirellidae	4
Janiridae	215
Janthinidae	1
Japygidae	79
Jassidae	1
Jineidae	2
Joeropsididae	35
Joppeicidae	27
Judomiidae	3
Julidae	1259
Kalliapseudidae	696
Kalotermitidae	812
Kateretidae	495
Kathlaniidae	8
Katiannidae	425
Kennedyidae	6
Kermesidae	394
Kermisidae	16
Keroplatidae	298
Kerridae	5
Kerriidae	48
Kingstoniidae	23
Kinnaridae	113
Kloedenellidae	91
Kloedeniidae	17
Knemidokoptidae	22
Knoxitidae	1
Krithidae	111
Kuhliidae	3
Kuwaniidae	40
Kyphosidae	1
Labidaphohidae	1
Labiduridae	90
Labiidae	49
Labridae	5
Lachesillidae	16
Lacistorhynchidae	3
Lacturidae	12
Laelapidae	681
Laemobothriidae	7
Laemophloeidae	764
Lafystiidae	3
Lagriidae	7
Lamellariidae	2
Lampritrematidae	2
Lampropidae	115
Lampyridae	2800
Lanceolidae	24
Languriidae	445
Laomediidae	2
Laophontidae	52
Larcidae	3
Lardoglyphidae	2
Largidae	1466
Larridae	10
Lasaeidae	3
Lasiocampidae	2329
Lasiocampidae?	5
Lasiochilidae	430
Lathrididae	11
Lathridiidae	155
Latreilliidae	13
Latridiidae	5851
Latridiidae?	2
Lauxaniidae	6082
Leaiidae	25
Leanchoiliidae	1
Lebertiidae	14
Lecanodiaspididae	122
Lecanopygidae	1
Lecithoceridae	9
Lecithodendriidae	10
Leeuwenhoekiidae	1
Leiodidae	7166
Leiostegiidae	24
Lemmatophoridae	718
Lepadidae	37
Lepdophlebiidae	1
Leperditellidae	39
Leperditiidae	116
Lepidomysidae	6
Lepidopsocidae	162
Lepidoptera	361
Lepidoptera, Satyridae	3
Lepidostomatidae	3008
Lepidotrichidae	5
Lepismatidae	154
Lepocreadiidae	14
Leptanthuridae	66
Leptastacidae	3
Leptestheriidae	8
Leptidae	22
Leptinidae	6
Leptocera	1
Leptoceridae	13425
Leptocheliidae	1728
Leptochitonidae	1
Leptocytheridae	298
Leptodiridae	6
Leptodoridae	11
Leptogastridae	15
Leptognathiidae	49
Leptohyphidae	762
Leptonetidae	49
Leptophlebiidae	3540
Leptopodidae	81
Leptopontiidae	1
Leptopsyllidae	43
Lernaeidae	3
Lernaeoceridae	2
Lernaeopodidae	8
Lestidae	8964
Lestremiidae	112
Lethrinidae	2
Leucochloridlidae	12
Leuconidae	1389
Leucosiidae	277
Leucospidae	199
Leucospididae	8
Leucothoidae	170
Leuctridae	1791
Liacaridae	34
Libelluidae	7
Libellulidae	30040
Libelluloidae	1
Libytheidae	57
Lichakephalidae	29
Lichen	1
Lichidae	50
Liebstadiidae	44
Ligiidae	73
Liljeborgiidae	677
Limacidae	4
Limacodidae	1042
Limnadiidae	40
Limnadopsidae	4
Limnephilidae	14788
Limnephilinae	25
Limnephiloidea	69
Limnesiidae	28
Limnichidae	952
Limnichilidae	1
Limnocharidae	3
Limnocytheridae	4
Limnoriidae	68
Limoniidae	1766
Limulidae	60
Limulodidae	2
Linguatulidae	1
Linognathidae	36
Linotaeniidae	380
Linyphiidae	27111
Liochelidae	1
Liocranidae	469
Liodidae	2
Liomesaspididae	3
Liomopteridae	149
Liopropomatidae	2
Liostracinidae	1
Liotheidae	3
Liparidae	1
Lipogenyidae	2
Liposcelidae	2
Liposcelididae	10
Lissorchiidae	1
Listrophonidae	4
Listrophoridae	949
Lithobiidae	2194
Lithobiomorpha	1
Lithodidae	6472
Littorinidae	30
Liturgusidae	7
Liviidae	387
Llinyphiidae	2
Locustidae	16
Lohmanniidae	11
Loliginidae	1
Lomoidae	2
Lonchaeidae	564
Lonchocephalidae	7
Lonchopteridae	1000
Longipediidae	16
Longusorbiidae	1
Lophioneuridae	1
Lophogastridae	71
Lophoproctidae	4
Loreidae	1
Lotidae	83
Lottiidae	13
Louriniidae	1
Loxoconchidae	901
Lubbockiidae	13
Lucanidae	1072
Lucicutiidae	5
Luciferidae	22
Lucinidae	27
Lumbricidae	7
Lutjanidae	6
Lutrochidae	251
Lycaeidae	4
Lycaenidae	62510
Lycidae	1973
Lycosidae	34134
Lyctidae	17
Lyctocoridae	119
Lygacidae	1
Lygaeidae	34808
Lygalidae	1
Lygistorrhinidae	3
Lymantiidae	1
Lymantridae	8
Lymantriidae	684
Lymexylidae	12
Lymexylonidae	3
Lymnaeidae	338
Lymnaeidae?	1
Lynceidae	32
LyniphiIdae	2
Lyonetiidae	177
Lyonsiidae	5
Lysianassidae	1286
Lysianassidea	2
Lysiosquillidae	21
Machalidae	1
Machilidae	286
Machiloidea	10
Machrochelidae	3
Macracanthorhynchidae	5
Macrobiotidae	2
Macrochelidae	31
Macrocyprididae	2
Macroderidae	1
Macromiidae	85
Macronyssidae	3
Macropipidae	14
Macrosternodesmidae	6
Macrostylidae	2
Macrothricidae	126
Macrouridaex	1
Macroveliidae	325
Macrurocyttidae	1
Mactridae	25
Maeridae	18
Majidae	781
Malachidae	1
Malachiidae	11
Malaconothridae	13
Malacosteidae	159
Malicaidae	1
Maloconothridae	1
Mantidae	805
Mantispidae	1071
Mantoididae	54
Margaritiferidae	1
Margarodidae	69
Margaroididae	8
Marginellidae	1
Marjumiidae	4
Marrellidae	220
Martynoviidae	13
Masaridae	315
Matsucoccidae	72
Mauroniscidae	2
Mecicobothriidae	92
Mecistocephalidae	10
Mecynoceridae	1
Megacalanidae	1
Megachildae	373
Megachilidae	241078
Megagopygidae	3
Megalopodidae	34
Megalopygidae	710
Megaluropidae	779
Meganeuridae	17
Megapodagrionidae	1
Megapontiidae	4
Megaspilidae	669
Megeremaeidae	15
Megisthanidae	1
Meinertellidae	32
Melamphaidae	266
Melandryidae	2580
Melanopsidae	1
Melanostomiidae	212
Melanthripidae	18
Melasidae	1
Melitidae	2236
Melittidae	12302
Mellitidae	4
Mellyridae	1
Meloidae	19962
Meloidae?	1
Melolonthidae	1751
Melondryidae	2
Melongenidae	37
Melphidippidae	146
Melyridae	4150
Melyrridae	14
Membracidae	72942
Menippidae	151
Menomoniidae	25
Menoponidae	69
Menthidae	4
Mermithidae	1
Meropeidae	201
Merothripidae	5
Mesocestoidae	1
Mesocestoididae	1654
Mesoplophoridae	1
Mesopsocidae	10
Mesoveliidae	1170
Messicobolidae	7
Metapseudidae	250
Methochidae	37
Metidae	15
Metretopodidae	253
Metridinidae	2140
Micragnostidae	2
Microbothriidae	2
Microcerberidae	2
Microcotylidae	2
Microdispidae	26
Microgyniidae	31
Microlympiidae	4
Micromalthidae	46
Micronectidae	2246
Microparasellidae	25
Micropezidae	588
Microphallidae	170
Microphoridae	2
Microphysidae	20
Micropterigidae	31
Microtrombidiidae	23
Micryphantidae	3
Mideidae	1
Mideopsidae	9
Milacidae	1
Milichiidae	5659
Mimallonidae	28
Mimetidae	274
Miraciidae	2
Miridae	374176
Miridae and/or Anthocoridae	757
Miridae/Anthocoridae	137
Miridea	1
Mithracidae	1327
Mitridae	12
Miturgidae	341
Mobulidae	3
Mochlozetidae	35
Modulidae	1
Mogoplistidae	291
Moinidae	267
Molanna	1
Molannidae	1170
Momphidae	212
Monacanthidae	1
Moniliformidae	16
Monocotylidae	1
Monomachidae	1
Monommatidae	6
Monommidae	5
Monophlebidae	107
Monorchiidae	4
Monotom	1
Monotomidae	1586
Monstrillidae	3
Mopaliidae	21
Mordelidae	3
Mordellidae	13064
Mormonillidae	40
Mrylianidae	1
Mugilidae	61
Munididae	22
Munidopsidae	21
Munnidae	95
Munnopsidae	73
Muricidae	105
Musapsocidae	1
Muscidae	27568
MUtahillidae	32
Mutilidae	1
Mutillidae	27943
Mycetophagidae	2578
Mycetophilidae	13886
Mycobacteriaceae	10
Mycteridae	229
Myctophidae	1
Mydaidae	2
Mydidae	555
Myicolidae	2
Myidae	3
Mylacridae	2
Mymaridae	3596
Myobiidae	66
Myocoptidae	33
Myopsocidae	1
Myrmecophilidae	93
Myrmelenontidae	13
Myrmeleontidae	3976
Myrmeliontidae	1
Myrmeloentidae	12
Myrmelontidae	2
Myrmosidae	26
Mysidae	1959
Mysmenidae	77
Mythicomyiidae	151
Mytilicolidae	1
Mytilidae	29
Myxinidae	2
Nabidae	11000
Nacellidae	6
Naididae	2
Nanhermaniidae	3
Nanhermanniidae	10
Nannastacidae	3430
Nannoniscidae	3
Nannosquillidae	3
Nanophyidae	7
Nanorchestidae	6
Naraoiidae	5
Narkidae	13
Nassariidae	18
Nasseriidae	1
Naticidae	41
Naucoridae	4091
Neanuridae	1142
Nearctodesmidae	17
Nebaliidae	87
Neelidae	89
Nemasomatidae	47
Nemastomatidae	256
Nematinae	2
Nematocarcinidae	72
Nematocera	1
Nematode	4
Nemesiidae	22
Nemestrinidae	17
Nemonychidae	56
Nemouridae	6001
Nenteriidae	2
Neobisiidae	367
Neocytherideididae	296
Neoechinorhynchidae	11
Neoephemeridae	37
Neogoveidae	20
Neoliodidae	5
Neomegamphopidae	223
Neophyllobiidae	10
Neoscopelidae	6
Neotanaidae	104
Nephilidae	127
Nephropidae	5155
Nepidae	2825
Nepticulidae	327
Neritidae	13
Nesticidae	171
Nevadiidae	7
New York	1
Nicoletiidae	1
Nileidae	6
Ninidae	148
Nitidulidae	13552
Noctuiclae	1
Noctuidae	110585
Nogodinidae	137
Nolidae	242
Nomadidae	46
Normanellidae	2
North America	1
Norwoodiidae	3
Nosodendridae	101
Nosodendriidae	1
Notaspididae	1
Noteridae	1109
Nothridae	49
Notocotylidae	24
Notodontidae	8846
Notodromadidae	7
Notohectidae	1
Notonectidae	28854
Nototanaidae	17
Nudacotylidae	9
Nugonioneuridae	1
Nuuanuidae	2
Nycteribiidae	82
Nymphalidae	158853
Nymphomyiidae	11
Nymphonidae	66
Ochetosomatidae	14
Ochlesidae	3
Ochodaeidae	1712
Ochteridae	367
Ochyroceratidae	5
Ocypodidae	606
Odiniidae	13
Odonata	5
Odontellidae	194
Odontoceridae	665
Odontopleuridae	223
Oecanthidae	1329
Oecetis	4
Oechophoridae	20
Oecobiidae	86
Oecophoridae	1812
Oedemeridae	4209
Oedicerotidae	1901
Oestridae	133
Ogygopsidae	82
Ogyrididae	132
Oithonidae	885
Okeanobatidae	5
Oleacinidae	1
Olenellidae	1259
Olenidae	683
Olethreutidae	7
Oligacanthorhynchidae	3166
Oligoneuriidae	42
Oligotomidae	2
Olividae	32
Ologamasidae	53
Olpiidae	27
Omethidae	35
Omosudidae	14
Oncaeidae	364
Onchobothriidae	1
Onchocercidae	123
Oncobothriidae	1
Oncopoduridae	38
Oniscidae	48
Onychiuridae	667
Oonopidae	880
Opabinidae	2
Ophidiiformes	2
Ophryoxidae	1
Opisidae	14
Opisthorchiidae	5
Oplitidae	24
Oplophoridae	459
Opomyzidae	264
Opostegidae	35
Oppiidae	63
Orchipedidae	92
Oregoniidae	37937
Oreogetonidae	13
Oreohelicidae	6
Oribatellidae	46
Oribatidae	1
Oribatulidae	284
Oribotritiidae	6
Oripodidae	55
Ormyridae	315
Orsodacnidae	120
Orsolobidae	1
Ortalidae	1
Orthezidae	1
Ortheziidae	223
Orthoptera	59
Orussidae	286
Oryctocephalidae	7
Oryidae	19
Osphronemidae	1
Ostomatidae	44
Ostomidae	14
Ostraciidae	41
Ostracoda	5
Ostreidae	24
Ostreoida?	1
Otarionidae	2
Otitidae	122
Otobothriidae	2
Ovulidae	1
Oxaeidae	187
Oxidae	2
Oxycarenidae	466
Oxydesmidae	830
Oxyopidae	948
Oxyuridae	183
Oziidae	96
Pachybolidae	11
Pachydomellidae	3
Pachygronthidae	2970
Pachylaelapidae	3
Pachymorphidae	1
Pachyroctidae	3
Paeromopidae	2
Paeromopodidae	17
Pagetiidae	16
Pagodiidae	1
Pagurapseudidae	117
Paguridae	8308
Palaemonidae	2604
Palaeocarididae	20
Palaeomanteidae	64
Palaeopalaemonidae	1
Paleolimulidae	12
Paleuthygrammatidae	41
Paleuthygrammidae	11
Palicidae	12
Palingeniidae	243
Palinuridae	183
Pallopteridae	62
Palpimanidae	2
Pamphilidae	510
Pamphiliidae	322
Pandalidae	2214
Pandaridae	14
Pandoridae	1
Panopeidae	1035
Panorpidae	746
Panorpodidae	228
Pantheidae	358
Papilionidae	20924
Papillionidae	1
Papyriaspididae	2
Parabolinoididae	9
Paracalanidae	53
Paradoxididae	423
Paradoxosomatidae	443
Paragonimidae	2
Paraiulidae	8
Parajulidae	991
Parakalummidae	22
Paralepididae	209
Paralogidae	1
Paramesochridae	2
Paramphistomatidae	72
Paramunnidae	277
Paranebaliidae	116
Paranonychidae	802
Paranthuridae	88
Parapaguridae	28
Paraparchitidae	3
Parapseudidae	261
Parasitidae	691
Parasquillidae	2
Parastacidae	1
Paratanaidae	73
Paratropididae	66
Parattidae	4
Pardaliscidae	22
Parelmoidae	2
Pariambidae	638
Paronellidae	27
Parthenopidae	231
Paruterinidae	3
Pasiphaeidae	390
Passalidae	2583
Passandridae	85
Patellidae	3
Pectinidae	55
Pediciidae	89
Pediculidae	8
Pelecinidae	410
Pelecorhynchidae	3
Peloppiidae	138
Peltidiidae	8
Peltogastridae	3
Peltoperlidae	523
Pempherididae	1
Pemphredonidae	2
Penaeidae	1851
Pennellidae	13
Pentatomidae	77004
Penthaleidae	4
Penthalodidae	8
Pentostomidae	1
Perciformes	18
Percnidae	19
Pergidae	1336
Perilampidae	999
Periplomatidae	1
Peripsocidae	6
Periscelididae	60
Perlidae	10090
Perlodidae	5745
Perlolidae	2
Permembiidae	4
Permithonidae	1
Permoberothidae	6
Permochoristidae	2
Permopanorpidae	16
Permopsocidae	1
Permoraphidiidae	1
Permosocidae	36
Peronopsidae	15
Perothopidae	3
Personidae	3
Petaluidae	1
Petaluridae	62
Petricolidae	4
Phacopidae	123
Phacopteronidae	1
Phaennidae	47
Phalacriade	1
Phalacridae	1749
Phalacromidae	12
Phalaenidae	2
Phalangiidae	796
Phalangodidae	853
Pharidae	7
Phasianellidae	2
Phasmatidae	48
Phasmidae	1
Phengodidae	568
Phenopelopidae	100
Phenopteridae	23
Phigonematidae	1
Philanthidae	7
Philichthyidae	1
Phillipsiidae	149
Philodromidae	4381
Philodromidae?	38
Philomedidae	699
Philometridae	1
Philophthalmidae	3
Philopotamidae	4801
Philopteridae	212
Philosciidae	18
Philotarsidae	1
Phlaeothripidae	2825
Phliantidae	22
Phoenicococcidae	35
Pholadidae	3
Pholcidae	1429
Pholididae	226
Phoridae	40145
Photichthyidae	69
Photidae	1
Photimus pyralis	1
Photinus Pyralis	47
Phoxichilidiidae	123
Phoxocephalidae	2740
Phronimidae	29
Phrosinidae	36
Phrurolithidae	2035
Phryganeidae	3337
Phryganeoidae	13
Phryganidae	1
Phrynidae	18
Phthiracaridae	22
Phthiraptera	2
Phthiridae	1
Phtisicidae	128
Phyllobothridae	2
Phyllopidae	1
Phylloxeridae	98
Phyloblattidae	3
Phymanthidae	1
Phymatidae	110
Physalopteridae	335
Physidae	659
Phytoseiidae	186
Pieridae	51557
Piesmatidae	1035
Pilekiidae	6
Pilumnidae	263
Pimoidae	68
Pinaceae	14
Pinnidae	6
Pinnotheridae	764
Pionidae	82
Piophilidae	352
Pipunculidae	2012
Pisauridae	661
Pisidiidae	66
Pityococcidae	47
Plagiorchiidae	70
Plagusiidae	25
Planorbidae	534
Plasmodiidae	29
Plataspidae	117
Plataspididae	145
Plateremaeidae	2
Platydesmidae	26
Platygasteridae	31
Platygastridae	22847
Platyischnopidae	1626
Platypezidae	159
Platypodidae	1
Platyrhacidae	6
Platyscelidae	2
Platystomatidae	536
Pleciidae	2
Plecoptera	37
Plectreuridae	72
Pleidae	580
Pleisiogrammatidae	2
Pleocomidae	305
Pleorchiidae	6
Pleotomus pallens	30
Plethopeltidae	21
Pleuroceridae	34
Pleurocopidae	6
Pleuronectiformes	8
Pleustidae	157
Plicatulidae	5
Pliomeridae	37
Plumulitidae	8
Plutellidae	521
Plutoniumidae	1
Pneumocoptidae	1
Pneumospiruridae	10
Podapolipidae	17
Podoceridae	457
Podocinidae	1
Podonidae	59
Podoscirtidae	5
Poduridae	123
Poecilasmatidae	49
Pollicipedidae	45
Polyaspidae	1
Polybiidae	104
Polycentropodidae	6303
Polychelidae	72
Polycopidae	4
Polydesmidae	907
Polygyridae	214
Polymitarcidae	1
Polymitarcyidae	562
Polymorphidae	11
Polyodontidae	32
Polyphagidae	561
Polyphemidae	50
Polyplacidae	1
Polystoechotidae	187
Polystomatidae	27
Polyxenidae	72
Polyzoniidae	93
Pomacentridae	1
Pomadasyidae	3
Pomilidae	1
Pomphorhynchidae	5
Pompilidae	10036
Pompillidae	4
Pomplilidae	1
Pontellidae	399
Pontocyprididae	332
Pontogeneiidae	4
Pontoporeiidae	143
Porcellanidae	1958
Porcellidiidae	2
Porcellionidae	176
Portunidae	2307
Posthogonimidae	15
Posthorhynchidae	2
Potamanthidae	857
Potamididae	4
Poteriidae	1
Priacanthidae	6
Primitiidae	1
Primitiopsidae	9
Probnidae	120
Procarididae	1
Processidae	316
Procotrupidae	1
Proctophyllodidae	65
Proctotrupidae	913
Prodidomidae	10
Prodoxidae	324
Proetidae	19
Progeryonidae	1
Prokoeneniidae	3
Pronocephalidae	3
Propalticidae	44
Prophalangopsidae	9
Proscopiidae	1
Prosogonotrematidae	13
Prosthogonimidae	8
Prostomidae	20
Protellidae	140
Protembiidae	42
Proteocephalidae	19
Protereismatidae	85
Protoglomeridae	2
Protohymenidae	50
Protolophidae	49
Protoneuridae	5
Protoribatidae	14
Protoschizomidae	2
Protostrongylidae	7
Pruvostitidae	1
Prygidae	1
Psammobiidae	7
Pselaphidae	162
Psephenidae	2460
Pseudagnostidae	20
Pseudaliidae	115
Pseudironidae	26
Pseudocaecilidae	11
Pseudocaeciliidae	324
Pseudococcidae	5157
Pseudocumatidae	15
Pseudodiaptomidae	3
Pseudogarypidae	5
Pseudomelatomidae	2
Pseudonannolenidae	1
Pseudophasmatidae	63
Pseudorhombilidae	35
Pseudosquillidae	17
Pseudostigmatidae	30
Pseudotachidiidae	20
Pseudotanaidae	23
Pseudothelphusidae	491
Psilidae	368
Psilostomatidae	34
Psocidae	134
Psocidiidae	476
Psoidae	2
Psoquillidae	2
Psoralgidae	3
Psorergatidae	5
Psoroptidae	18
Psoroptoididae	6
Psychidae	398
Psychodidae	4417
Psychomyiidae	1449
Psyllidae	2522
Psyllipsocidae	4
Psyllipsocidae?	1
Psyrphidae	1
Pteriidae	6
Pterocephaliidae	36
Pterolichidae	10
Pteromalidae	7869
Pteronarcyidae	1474
Pteronarcynidae	379
Pteronarcyoidea	1
Pteronyssidae	19
Pterophoridae	1064
Pterpcephalidae	1
Pterygometopidae	58
Pterygosomidae	1
Pterygotidae	13
Pthiridae	5
Ptilidae	5
Ptiliidae	2321
Ptilodactylidae	1496
Ptinidae	958
Ptychagnostidae	3
Ptychaspididae	44
Ptychopariidae	152
Ptychopteridae	94
Ptyssalgidae	5
Pulicidae	315
Punctidae	14
Punctoribatidae	65
Pupillidae	103
Putoidae	167
Pycnogonidae	14
Pyemotidae	7
Pygmephoridae	12
Pygocephalidae	3
Pygrotidae	1
Pylochelidae	1
Pyractomena pu	1
Pyralidae	6346
Pyramidellidae	2
Pyraustidae	1
Pyrgodesmidae	58
Pyrgomorphidae	32
Pyrgotidae	196
Pyrochroidae	916
Pyroehroidae	1
Pyroglyphidae	74
Pyropyga minuta	1
Pyrrhocoridae	1527
Pysillidae	8
Pythidae	65
Quadrijugatoridae	9
Quadroppiidae	19
Quasillitidae	5
Racomidae	1
Ranellidae	4
Raninidae	190
Ranunculaceae	1
Raphididae	1
Raphidiida	32
Raphidiidae	3348
Raphignathidae	1
Raphiidae	2
Raphiophoridae	47
Raymondinidae	16
Raymondionymidae	9
Reduviidae	40959
Remopleurididae	60
Retroplumidae	14
Rhabdiasidae	27
Rhachodesmidae	44
Rhadalidae	1
Rhadinorhynchidae	12
Rhagidiidae	197
Rhagionidae	1340
Rhaphidiidae	23
Rhaphidophoridae	2861
Rhincalanidae	2
Rhinocarididae	11
Rhinocricidae	61
Rhinophoridae	13
Rhinotermitidae	1293
Rhipiceridae	380
Rhipiphoridae	573
Rhiscosomididae	12
Rhizophagidae	74
Rhizothricidae	3
Rhomboentomozoidae	1
Rhopaliasidae	5
Rhopalidae	14330
Rhopalopsyllidae	7
Rhopalosomatidae	102
Rhyacophila	1
Rhyacophilidae	4930
Rhynchitidae	384
Rhyncoptidae	1
Rhyparochromidae	22551
Rhysodidae	586
Ricaniidae	12
Richardiidae	23
Ricinoididae	30
Rictulariidae	59
Riodinidae	1723
Ripipterygidae	3
Romaleidae	1159
Romalidae	1
Ropalidae	1
Roproniidae	37
Rosaceae	1
Rosensteiniidae	42
Rossianidae	1
Rutelidae	905
Rutidermatidae	656
Sabaconidae	233
Sabelliphilidae	1
Sacculinidae	62
Sagdidae	1
Saldidae	8681
Salpingidae	1862
Salticidae	12251
Samoidae	3
Santiidae	33
Sapphirinidae	1
Saproglyphidae	9
Sapygidae	80
Sarcophagidae	7983
Sarcoptidae	428
Sarsiellidae	2064
Saturniidae	9920
Satyridae	7
Saukiidae	24
Scalpellidae	20
Scaphidiidae	61
Scaphidiinae	4
Scarabaeidae	245522
Scaridae	12
Scathophagidae	7110
Scatopsidae	324
Scelionidae	3690
Scenopinidae	32
Scheloribatidae	327
Schendylidae	215
Schistorphidae	2
Schistosomatidae	214
Schizocytheridae	17
Schizopetalidae	17
Schizopodidae	23
Schizopteridae	181
Schreckensteiniidae	31
Sciaridae	25611
Scinidae	2
Sciomyzidae	5326
Scirtidae	1539
Scirtidae/Helodidae	1
Sclerogibbidae	4
Sclerosomatidae	1575
Scolebythidae	3
Scolecithricidae	4
Scolecitrichidae	691
Scoleidae	2
Scoliidae	5539
Scollidae	16
Scolopendrellidae	2
Scolopendridae	284
Scolopocryptopidae	314
Scolytidae	1383
Scolytinae	1
Scombrolabracidae	8
Scopelarchidae	6
Scophthalmidae	52
Scorpaenidae	16
Scraptidae	1
Scraptiidae	4056
Scutacaridae	153
ScUtahelleridae	6
Scutelleridae	5260
Scutigerellidae	12
Scutigeridae	91
Scutoverticidae	3
Scydmaenidae	3199
Scyllaridae	84
Scytalocrinidae	4
Scythrididae	329
Scytodidae	192
Sebidae	16
Segestriidae	117
Segrestriidae	2
Sejidae	27
Selenopeltidae	33
Selenopidae	174
Sematuridae	6
Semelidae	5
Senoculidae	7
Sepsidae	1743
Sergestidae	90
Sericostomatidae	674
Serolidae	97
Serphitidae	8
Serranidae	4
Sesarmidae	198
Sesiidae	1255
Sessiidae	23
Setellidae	1
Shumardiidae	1
Sialidae	863
Sicariidae	344
Sicyoniidae	267
Sididae	171
Sidneyiidae	8
Sierolomorphidae	47
Signiphoridae	7
Silphidae	17507
Silvanidae	1238
Simuliidae	4698
Siphlonuridae	1700
Siphonariidae	3
Siphoniulidae	2
Siphonophoridae	36
Siphonotidae	4
Siricidae	1020
Sironidae	34
Sisyridae	103
Smarididae	2
Smicripidae	2
Sminthuridae	375
Sminthurididae	209
Sogonidae	6
Solecurtidae	6
Solenidae	3
Solenoceridae	79
Solenopleuridae	15
Solifugidae	1
Solpugidae	3
Sotoplacidae	2
Sparassidae	260
Sparidae	2
Spathebothriidae	1
Speleonectidae	1
Sperchonidae	5
Sphaeragnostidae	27
Sphaeridae	1
Sphaeriidae	185
Sphaeriodesmidae	60
Sphaeritidae	9
Sphaeriusidae	50
Sphaeroceridae	11171
Sphaeromatidae	689
Sphaeropsocidae	4
Sphaerotheriidae	1
Sphecidae	15119
Sphindidae	194
Sphingidae	8816
Sphyranuridae	1
Sphyrapodidae	1
Sphyriidae	10
Spilapteridae	2
Spiloblattinidae	28
Spinagnostidae	111
Spinocalanidae	347
Spinturnicidae	4
Spiraxidae	2
Spirobolellidae	1
Spirobolidae	508
Spirocercidae	3
Spirorchidae	7
Spirostreptidae	64
Spirridae	3
Spirulidae	2
Spiruridae	1323
Spondylidae	2
Spongicolidae	21
Spongiphoridae	13
Squillidae	345
Staphilinidae	3
Staphlinidae	1
Staphylinidae	98774
Stegocephalidae	8
Steingeliidae	18
Stemmiulidae	20
Stenasellidae	2
Stenetriidae	23
Stenopelmatidae	368
Stenopodidae	34
Stenopsocidae	32
Stenopsychidae	8
Stenothoidae	484
Stenotrachelidae	157
Stephanidae	96
Sternophoridae	20
Stigmaeidae	9
Stigmaphronidae	2
Stignopsidae	1
Stilipedidae	53
Stomatellidae	2
Stomylotrematidae	8
Strahlaxiidae	1
Stramentidae	2
Stratiomyiadae	6
Stratiomyidae	2744
Streblidae	909
Streingelidae	5
Strephocladidae	38
Streptelasmatidae	2
Streptocephalidae	40
Striariidae	11
Strigeidae	111
Strobilopsidae	27
Stromateoids	1
Strombidae	21
Strongylidae	2
Strongylocentrotidae	1
Strongyloididae	29
Strongylophthalmyiidae	9
Struthiolariidae	1
Styginidae	5
Stygnommatidae	12
Stygnopsidae	60
Stylopidae	15
Stylotermitidae	1
Subtriquetridae	2
Subulinidae	8
Subuluridae	222
Succineidae	64
Suctobelbidae	44
Suidasiidae	24
Superstitionidae	12
Superstitioniidae	109
Surperstitioniidae	2
Syarinidae	14
Sylvaphlebiidae	10
Symmocidae	40
Symphytognathidae	4
Synanceiidae	1
Synchroidae	151
Syngamidae	2
Synneuridae	2
Synodontidae	9
Synopiidae	247
Syringobiidae	10
Syringophilidae	3
Syrphidae	20971
Syrphus sp. pupa	1
Tabanidae	22814
Tachardiidae	1
Tachinidae	11174
Taeniidae	4624
Taeniopterygidae	3949
Talitridae	527
Tanaellidae	67
Tanaidae	9
Tanaididae	69
Tanaissuidae	165
Tanaostigmatidae	1
Tanyderidae	1
Tanypezidae	17
Tarachodidae	6
Tarantulidae	1
Tarsonemidae	13
Tasimiidae	1
Tecticipitidae	2
Tectocepheidae	26
Tegastidae	2
Tegoribatidae	29
Tegulidae	1
Telegeusidae	9
Telemidae	230
Tellinidae	35
Telorchiidae	28
Temoridae	222
Tenebriodinae	1
Tenebrionidae	105369
Tengellidae	62
Tentaculariidae	4
Tenthiridinidae	1
Tenthredinidae	32493
Tenthredmidae	1
Tenuialidae	4
Tenuipalpidae	111
Tephritidae	7733
Teratembiidae	2
Terebridae	9
Termitidae	295
Termopsidae	163
Terpnacaridae	4
Tessaratomidae	1
Tethinidae	7
Tetigoniidae	1
Tetrablemmidae	38
Tetracampidae	2
Tetraclitidae	21
Tetradellidae	4
Tetragnatha	1
Tetragnathidae	5372
Tetragonicipitidae	33
Tetraliidae	2
Tetrameridae	765
Tetranychidae	335
Tetrasquillidae	1
Tetrastemmatidae	1
Tetrastichidae	156
Tetratomidae	1291
Tetrigidae	4132
Tettigonidae	32
Tettigoniidae	6702
Thalassinidae	17
Thalestridae	30
Thamnocephalidae	15
Thanerocleridae	3
Tharybidae	48
Thaumaleidae	6
Thaumastellidae	23
Thaumatoneuridae	12
Thelastomatidae	3
Thelaziidae	472
Thelyphonidae	60
Theraphosidae	462
Therevidae	1124
Theridiidae	9484
Theridiidae?	1
Theridiosomatidae	102
Theriidae	1
Thermacaridae	15
Thespidae	148
Thomisidae	8455
Thorscidae	9
Thremmatidae	849
Threvidae	1
Thripidae	21423
Thrombiculidae	3
Throscidae	810
Thyasidae	1
Thyatiricidae	1
Thyatiridae	302
Thyreocoridae	3479
Thyrididae	157
Thyrisomidae	1
Thysanopeltidae	4
Timema	38
Timematidae	14
Timemidae	292
Tineidae	4378
Tingidae	12003
Tingupidae	7
Tiphiidae	5181
Tipulidae	3906
Tisbidae	57
Tischeridae	1
Tischeriidae	176
Titanoecidae	309
Titanoecidae?	1
Tochinidae	5
Tococladidae	1
Toernquistiidae	4
Tomoceridae	1485
Tonnidae	1
Tortanidae	485
Tortricidae	14418
Torymidae	7314
Toxopheustidae	1
Toxoplasmatidae	2
Trachelidae	225
Trachelipodidae	16
Trachyleberididae	319
Trachypachidae	190
Trachytidae	6
Trachyuropodidae	10
Trapeziidae	140
Travuniidae	423
Trechaleidae	2
Trematuridae	204
Treniidae	1
Treposellidae	1
Trhypochthoniidae	123
Triaenodes	2
Triaenonychidae	257
Triaenophoridae	1
Trichinellidae	6
Trichiuridae	2
Trichoceridae	272
Trichodactylidae	52
Trichodectidae	356
Trichogrammatidae	834
Trichoniscidae	23
Trichopeltariidae	2
Trichopetalidae	64
Trichosomoididae	1
Trichostrongylidae	243
Trichuridae	100
Tricrepicephalidae	5
Tridactylidae	958
Tridenchthoniidae	3
Triglidae	2
Trigonalidae	94
Trigonidiidae	1372
Trilobita	8
Triloculariidae	1
Trinucleidae	401
Triopsidae	80
Triozidae	941
Triviidae	4
Trixoscelididae	3
Trochidae	15
Trogidae	6343
Trogiidae	2
Trogloraptoridae	2
Trogolotrematidae	2
Trogossitidae	879
Trogulidae	1
Trombiculidae	3329
Trombidiidae	192
Tropidocoryphidae	1
Tropiduchidae	1003
Tropisuridae	15
Trypanosomatidae	2
Trypetidae	12
Tryphanidae	1
Tsinaniidae	9
Tubificidae	35
Tullbergidae	25
Tullbergiidae	272
Tumidocarcinidae	1
Turbinellidae	1
Turbinidae	21
Turbinoptidae	54
Turidae	1
Turridae	5
Turritellidae	4
Tvaerenellidae	50
Tydeidae	23
Tylidae	4
Typhlobolellidae	7
Typhlotanaidae	1
Tyrogliphidae	3
Tyroglyphidae	1
Ucididae	13
Uenoidae	545
Uldiidae	2
Ulidiidae	2163
Uloboridae	196
Unciolidae	1
undefinable	2
Underwoodiidae	1
Undescribed ammoxenidae	1
Uniciolidae	3
Unidentified	153
Unionicolidae	97
Unionidae	1691
Unionidae?	6
UNKNOWN_NULL	390668
Upogebiidae	157
Uraniidae	275
Uranoscopidae	3
Uristidae	240
Urnatellidae	6
Urochordeumatidae	1
Urocoptidae	2
Urodidae	27
Urodinychidae	21
Uropodidae	55
Urotrematidae	3
Vaejovidae	2347
Valloniidae	7
Valvatidae	4
Vanhorniidae	95
Varroidae	184191
Varunidae	94
Vasidae	3
Veigaiidae	1
Velidae	16
Veliidae	7233
Veneridae	74
Vermetidae	1
Vermilionidae	1
Vermipsyllidae	4
Verrucidae	12
Vespidae	32758
Vibiliidae	46
Vitrinellidae	1
Vitrinidae	2
Viviparidae	27
Waptiidae	16
Winterschmidtiidae	6
Withiidae	2
Xanthidae	2213
Xenidae	1
Xenillidae	15
Xenophoridae	3
Xiphocarididae	1
Xiphocentronidae	18
Xiphydriidae	502
Xolalgidae	10
Xyelidae	633
Xylococcidae	98
Xyloiulidae	10
Xylomyidae	56
Xylophagidae	193
Xylorictidae	8
Xyloryctidae	41
Xystodesmidae	2985
Xystodesmidae?	10
Yponomeutidae	1109
Ypsolophidae	370
Zacanthoididae	49
Zalmoxidae	29
Zanthopsidae	8
Zerconidae	21
Zetomimidae	4
Zodariidae	239
Zonitidae	95
Zoogonidae	7
Zopheridae	6421
Zoridae	4
Zorocratidae	57
Zoropsidae	2
Zorotypidae	1
Zygaenidae	362
Zygaeniidae	4
Zygentoma	1
Zygobolbidae	1
Zygoptera	6
Zygtenidae	2
